log_count_total_connect,log_cs_byte,log_transmit_speed_BPS,log_count_connect_IP,log_avg_count_connect,log_time_taken,log_time_interval_mean,log_time_interval_var,log_ratio_trans_receive
1.0267368080550001,0.9097993853550002,0.8663584198500001,1.0331731664100001,0.7371448123200001,0.9554301083250001,0.704456917185,1.03122152679,0.6668822963250001
1.0267368080550001,0.9097993853550002,0.8663584198500001,1.0331731664100001,0.7371448123200001,0.9554301083250001,0.704456917185,1.03122152679,0.6668822963250001
1.0267368080550001,0.9097993853550002,0.8663584198500001,1.0331731664100001,0.7371448123200001,0.9554301083250001,0.704456917185,1.03122152679,0.6668822963250001
1.0267368080550001,0.9097993853550002,0.8663584198500001,1.0331731664100001,0.7371448123200001,0.9554301083250001,0.704456917185,1.03122152679,0.6668822963250001
1.0267368080550001,0.9097993853550002,0.8663584198500001,1.0331731664100001,0.7371448123200001,0.9554301083250001,0.704456917185,1.03122152679,0.6668822963250001
1.0267368080550001,0.9097993853550002,0.8663584198500001,1.0331731664100001,0.7371448123200001,0.9554301083250001,0.704456917185,1.03122152679,0.6668822963250001
1.0267368080550001,0.9097993853550002,0.8663584198500001,1.0331731664100001,0.7371448123200001,0.9554301083250001,0.704456917185,1.03122152679,0.6668822963250001
1.0267368080550001,0.9097993853550002,0.8663584198500001,1.0331731664100001,0.7371448123200001,0.9554301083250001,0.704456917185,1.03122152679,0.6668822963250001
1.0267368080550001,0.9097993853550002,0.8663584198500001,1.0331731664100001,0.7371448123200001,0.9554301083250001,0.704456917185,1.03122152679,0.6668822963250001
1.0267368080550001,0.9097993853550002,0.8663584198500001,1.0331731664100001,0.7371448123200001,0.9554301083250001,0.704456917185,1.03122152679,0.6668822963250001
1.0267368080550001,0.9097993853550002,0.8663584198500001,1.0331731664100001,0.7371448123200001,0.9554301083250001,0.704456917185,1.03122152679,0.6668822963250001
1.0267368080550001,0.9097993853550002,0.4821,1.0331731664100001,0.5358,0.6573,0.1612,0.2874,0.5011
1.0267368080550001,0.9097993853550002,0.6389,1.0331731664100001,0.5994,0.7312,0.2345,0.3511,0.5033
1.0267368080550001,0.9097993853550002,0.3949,1.0331731664100001,0.4922,0.4831,0.1273,0.2436,0.4965
1.0267368080550001,0.9097993853550002,0.5037,1.0331731664100001,0.5714,0.6923,0.1989,0.2991,0.5005
1.0267368080550001,0.9097993853550002,0.6363,1.0331731664100001,0.6018,0.7432,0.2451,0.3236,0.5047
1.0267368080550001,0.9097993853550002,0.3939,1.0331731664100001,0.4944,0.4712,0.1233,0.2367,0.4981
1.0267368080550001,0.9097993853550002,0.5252,1.0331731664100001,0.5679,0.6931,0.2033,0.2926,0.5035
1.0267368080550001,0.9097993853550002,0.4567,1.0331731664100001,0.5411,0.6239,0.1734,0.2492,0.4998
1.0267368080550001,0.9097993853550002,0.6367,1.0331731664100001,0.6025,0.7449,0.2452,0.3194,0.5046
1.0267368080550001,0.9097993853550002,0.4359,1.0331731664100001,0.5314,0.5038,0.1295,0.2408,0.4982
1.0267368080550001,0.9097993853550002,0.5133,1.0331731664100001,0.5677,0.6659,0.2004,0.2672,0.5019
1.0267368080550001,0.9097993853550002,0.4885,1.0331731664100001,0.5386,0.6259,0.1813,0.2548,0.5011
1.0267368080550001,0.9097993853550002,0.5222,1.0331731664100001,0.5727,0.6969,0.2193,0.2814,0.5031
1.0267368080550001,0.9097993853550002,0.4495,1.0331731664100001,0.5414,0.5041,0.1403,0.2419,0.4989
1.0267368080550001,0.9097993853550002,0.5294,1.0331731664100001,0.5741,0.7379,0.2425,0.2968,0.5033
1.0267368080550001,0.9097993853550002,0.4791,1.0331731664100001,0.5355,0.6108,0.1812,0.2579,0.4997
1.0267368080550001,0.9097993853550002,0.5131,1.0331731664100001,0.5663,0.6388,0.2179,0.2845,0.5016
1.0267368080550001,0.9097993853550002,0.4356,1.0331731664100001,0.5333,0.4994,0.1388,0.2405,0.4987
1.0267368080550001,0.9097993853550002,0.5203,1.0331731664100001,0.5681,0.6548,0.2495,0.3041,0.5016
1.0267368080550001,0.9097993853550002,0.8663584198500001,1.0331731664100001,0.4935,0.9554301083250001,0.704456917185,1.03122152679,0.6668822963250001
1.0267368080550001,0.9097993853550002,0.8663584198500001,1.0331731664100001,0.6456,0.9554301083250001,0.704456917185,1.03122152679,0.6668822963250001
1.0267368080550001,0.9097993853550002,0.8663584198500001,1.0331731664100001,0.5879,0.9554301083250001,0.704456917185,1.03122152679,0.6668822963250001
1.0267368080550001,0.9097993853550002,0.8663584198500001,1.0331731664100001,0.6334,0.9554301083250001,0.704456917185,1.03122152679,0.6668822963250001
1.0267368080550001,0.9097993853550002,0.8663584198500001,1.0331731664100001,0.5906,0.9554301083250001,0.704456917185,1.03122152679,0.6668822963250001
1.0267368080550001,0.9097993853550002,0.8663584198500001,1.0331731664100001,0.5789,0.9554301083250001,0.704456917185,1.03122152679,0.6668822963250001
1.0267368080550001,0.9097993853550002,0.8663584198500001,1.0331731664100001,0.6278,0.9554301083250001,0.704456917185,1.03122152679,0.6668822963250001
1.0267368080550001,0.9097993853550002,0.8663584198500001,1.0331731664100001,0.5934,0.9554301083250001,0.704456917185,1.03122152679,0.6668822963250001
1.0267368080550001,0.9097993853550002,0.8663584198500001,1.0331731664100001,0.6156,0.9554301083250001,0.704456917185,1.03122152679,0.6668822963250001
1.0267368080550001,0.9097993853550002,0.8663584198500001,1.0331731664100001,0.5994,0.9554301083250001,0.704456917185,1.03122152679,0.6668822963250001
1.0267368080550001,0.9097993853550002,0.8663584198500001,1.0331731664100001,0.6356,0.9554301083250001,0.704456917185,1.03122152679,0.6668822963250001
1.0267368080550001,0.9097993853550002,0.8663584198500001,1.0331731664100001,0.6306,0.9554301083250001,0.704456917185,1.03122152679,0.6668822963250001
1.0267368080550001,0.9097993853550002,0.8663584198500001,1.0331731664100001,0.5731,0.9554301083250001,0.704456917185,1.03122152679,0.6668822963250001
1.0267368080550001,0.9097993853550002,0.8663584198500001,1.0331731664100001,0.6161,0.9554301083250001,0.704456917185,1.03122152679,0.6668822963250001
1.0267368080550001,0.9097993853550002,0.8663584198500001,1.0331731664100001,0.6231,0.9554301083250001,0.704456917185,1.03122152679,0.6668822963250001
1.0267368080550001,0.9097993853550002,0.8663584198500001,1.0331731664100001,0.6166,0.9554301083250001,0.704456917185,1.03122152679,0.6668822963250001
1.0267368080550001,0.9097993853550002,0.8663584198500001,1.0331731664100001,0.6103,0.9554301083250001,0.704456917185,1.03122152679,0.6668822963250001
1.0267368080550001,0.9097993853550002,0.8663584198500001,1.0331731664100001,0.6231,0.9554301083250001,0.704456917185,1.03122152679,0.6668822963250001
1.0267368080550001,0.9097993853550002,0.8663584198500001,1.0331731664100001,0.6171,0.9554301083250001,0.704456917185,1.03122152679,0.6668822963250001
1.0267368080550001,0.9097993853550002,0.7231,1.0331731664100001,0.6343,0.8174,0.2698,0.4219,0.4882
1.0267368080550001,0.9097993853550002,0.0912,1.0331731664100001,0.7371448123200001,0.6549,0.1853,0.2611,0.3421
1.0267368080550001,0.9097993853550002,0.8663584198500001,1.0331731664100001,0.6325,0.5947,0.2406,0.3033,0.4638
1.0267368080550001,0.9097993853550002,0.8191,1.0331731664100001,0.7371448123200001,0.7824,0.2918,0.4239,0.5594
1.0267368080550001,0.9097993853550002,0.8663584198500001,1.0331731664100001,0.4463,0.8176,0.2695,0.4219,0.4921
1.0267368080550001,0.9097993853550002,0.0922,1.0331731664100001,0.7371448123200001,0.6548,0.1849,0.2603,0.3389
1.0267368080550001,0.9097993853550002,0.7231,1.0331731664100001,0.6343,0.8174,0.2698,0.4219,0.4882
1.0267368080550001,0.9097993853550002,0.8663584198500001,1.0331731664100001,0.6325,0.5947,0.2406,0.3033,0.4638
1.0267368080550001,0.9097993853550002,0.8191,1.0331731664100001,0.7371448123200001,0.7824,0.2918,0.4239,0.5594
1.0267368080550001,0.9097993853550002,0.8663584198500001,1.0331731664100001,0.4463,0.8176,0.2695,0.4219,0.4921
1.0267368080550001,0.9097993853550002,0.0922,1.0331731664100001,0.7371448123200001,0.6548,0.1849,0.2603,0.3389
1.0267368080550001,0.9097993853550002,0.7231,1.0331731664100001,0.6343,0.8174,0.2698,0.4219,0.4882
1.0267368080550001,0.9097993853550002,0.8663584198500001,1.0331731664100001,0.6325,0.5947,0.2406,0.3033,0.4638
1.0267368080550001,0.9097993853550002,0.8191,1.0331731664100001,0.7371448123200001,0.7824,0.2918,0.4239,0.5594
1.0267368080550001,0.9097993853550002,0.8663584198500001,1.0331731664100001,0.4463,0.8176,0.2695,0.4219,0.4921
1.0267368080550001,0.9097993853550002,0.0922,1.0331731664100001,0.7371448123200001,0.6548,0.1849,0.2603,0.3389
1.0267368080550001,0.9097993853550002,0.7431,1.0331731664100001,0.5062,0.6977,0.2838,0.3633,0.5274
1.0267368080550001,0.9097993853550002,0.8663584198500001,1.0331731664100001,0.4463,0.8176,0.2695,0.4219,0.4921
1.0267368080550001,0.9097993853550002,0.0922,1.0331731664100001,0.7371448123200001,0.6548,0.1849,0.2603,0.3389
1.0267368080550001,0.9097993853550002,0.7431,1.0331731664100001,0.5062,0.6977,0.2838,0.3633,0.5274
0.8512,0.4673,0.3498,0.9215,0.5729,0.6955,0.2037,0.3084,0.4912
0.7856,0.3891,0.2911,0.8543,0.5218,0.7216,0.2112,0.2957,0.4385
0.9117,0.6559,0.4123,0.9778,0.5983,0.6582,0.1933,0.3042,0.6668822963250001
0.8321,0.5126,0.3659,0.8895,0.5437,0.5893,0.2188,0.2687,0.5831
0.7493,0.2987,0.1988,0.7624,0.4852,0.8399,0.2098,0.3171,0.3629
0.8954,0.5582,0.3877,0.9172,0.5627,0.7811,0.2054,0.3023,0.6392
0.68734109737,0.3314,0.2359,0.7563,0.4633,0.9483,0.1918,0.2838,0.2975
0.9346,0.7113,0.4429,0.984,0.6053,0.6197,0.1895,0.2996,0.6668822963250001
0.7038,0.4183,0.3059,0.7744,0.4926,0.5553,0.2151,0.2816,0.4793
0.8191,0.5047,0.3399,0.8191,0.5504,0.6799,0.2033,0.3059,0.4878
0.9671,0.6351,0.4668,0.9671,0.5923,0.5235,0.1976,0.2889,0.6668822963250001
0.7235,0.3954,0.2648,0.7235,0.4778,0.8817,0.2123,0.3193,0.3465
0.8895,0.5297,0.3538,0.8895,0.5468,0.6419,0.2072,0.293,0.5512
0.9778,0.8665,0.8251,0.9778,0.5993,0.4998,0.1968,0.2977,0.6668822963250001
0.68734109737,0.4511,0.3158,0.7686,0.4986,0.7529,0.2107,0.3069,0.4926
0.8321,0.5829,0.3997,0.8895,0.5456,0.7081,0.2066,0.2833,0.5967
0.7856,0.4385,0.2838,0.7744,0.4926,0.6121,0.2085,0.3021,0.47
0.9117,0.6883,0.4295,0.9215,0.5729,0.5932,0.2042,0.2856,0.6145
0.7493,0.3891,0.2489,0.7563,0.4852,0.7776,0.2103,0.3129,0.3881
0.8512,0.4718,0.3238,0.8191,0.5463,0.6345,0.2067,0.2948,0.4718
0.8745,0.3612,0.3933,0.9621,0.5827,0.7189,0.2112,0.3547,0.6189
0.7389,0.1854,0.2876,0.8912,0.5293,0.6543,0.2054,0.3187,0.4321
0.9112,0.5829,0.4567,0.984,0.6315,0.8215,0.2389,0.3871,0.5488
0.8365,0.4218,0.3599,0.9477,0.5678,0.7593,0.1892,0.2945,0.4987
0.7654,0.0987,0.1234,0.8123,0.4921,0.5678,0.1654,0.2491,0.3123
0.9778,0.8665,0.8251,0.984,0.702,0.9099,0.2234,0.3611,0.6351
0.8191,0.4424,0.3399,0.9172,0.5504,0.6799,0.1989,0.3114,0.4878
0.7235,0.1234,0.0696,0.7563,0.4633,0.0811,0.0501,0.0088,0.1536
0.9401,0.6712,0.5123,0.9621,0.6012,0.8888,0.2014,0.3357,0.5894
0.8912,0.3987,0.2648,0.9477,0.5389,0.789,0.2193,0.3682,0.4123
0.789,0.2543,0.1892,0.8123,0.4921,0.6245,0.174,0.2945,0.3871
0.9778,0.7665,0.7567,0.984,0.7215,0.9333,0.2397,0.3711,0.6488
0.8365,0.3612,0.2934,0.9477,0.5789,0.7054,0.1923,0.3097,0.4567
0.7654,0.1854,0.2234,0.8912,0.5293,0.6487,0.2054,0.3187,0.4321
0.9112,0.5829,0.4567,0.9621,0.6315,0.7987,0.2389,0.3871,0.5488
0.8745,0.4218,0.3599,0.9172,0.5678,0.7389,0.1892,0.2945,0.4987
0.7389,0.0987,0.1234,0.7563,0.4921,0.5678,0.1654,0.2491,0.3123
0.9401,0.6712,0.5123,0.9621,0.6012,0.8888,0.2193,0.3682,0.5894
0.789,0.2543,0.1892,0.8123,0.4921,0.6245,0.174,0.2945,0.4567
0.8365,0.3612,0.2934,0.9477,0.5789,0.7054,0.1923,0.2945,0.4987
0.8537,0.4612,0.3592,0.9218,0.5783,0.7156,0.2114,0.3378,0.4923
0.7892,0.1587,0.1127,0.7654,0.5317,0.0958,0.0879,0.0213,0.2365
0.9154,0.6889,0.4817,0.9778,0.6032,0.6541,0.2053,0.3082,0.5591
0.7235,0.0045,0.0696,0.7563,0.4633,0.0811,0.0201,0.0018,0.1536
0.8917,0.5214,0.3888,0.9172,0.5504,0.6899,0.1989,0.3114,0.4878
0.9778,0.8665,0.8251,0.984,0.6989,0.9099,0.3114,0.4742,0.6351
0.8191,0.4424,0.3399,0.8191,0.5504,0.6799,0.1989,0.3114,0.4878
0.7563,0.2109,0.1423,0.7563,0.4633,0.0811,0.0201,0.0018,0.1536
0.9401,0.7092,0.5124,0.9401,0.5736,0.7219,0.2053,0.3082,0.5147
0.6902,0.1867,0.1193,0.7184889857249999,0.4778,0.0958,0.0879,0.0213,0.2365
0.8347,0.4981,0.3676,0.8895,0.5083,0.702,0.2053,0.3082,0.4923
0.9107,0.6137,0.4252,0.9306,0.5783,0.6423,0.1989,0.3114,0.5027
0.7936,0.3456,0.2285,0.7654,0.4633,0.1234,0.0879,0.0213,0.2589
0.8678,0.5594,0.3999,0.9172,0.5504,0.6899,0.1989,0.3114,0.4878
0.7154,0.0789,0.0661587103055,0.7563,0.4633,0.0811,0.0201,0.0018,0.1536
0.984,0.8665,0.8251,0.984,0.6989,0.9099,0.3114,0.4742,0.6351
0.8214,0.4123,0.2998,0.8191,0.5504,0.6799,0.1989,0.3114,0.4878
0.7892,0.3456,0.2285,0.7654,0.4633,0.1234,0.0879,0.0213,0.2589
0.9671,0.7414,0.5317,0.9671,0.6032,0.7219,0.2053,0.3082,0.5147
0.68734109737,0.1234,0.0789,0.7184889857249999,0.4778,0.0958,0.0879,0.0213,0.2365
0.8537,0.4681,0.3592,0.9315,0.5821,0.7129,0.2114,0.3386,0.5382
0.7892,0.1875,0.1489,0.801,0.6137,0.5293,0.1858,0.2945,0.3851
0.9778,0.8665,0.8251,0.984,0.702,0.9099,0.2063,0.3112,0.6351
0.8191,0.4424,0.3399,0.8191,0.5504,0.6799,0.1989,0.3114,0.4878
0.7235,0.0067,0.0696,0.7563,0.4633,0.0811,0.0501,0.0088,0.1536
0.9423,0.5829,0.4668,0.9671,0.6989,0.7686,0.174,0.2694,0.5488
0.891,0.3158,0.2648,0.8895,0.5083,0.6245,0.1989,0.3114,0.47
0.7624,0.1536,0.1042,0.7563,0.4778,0.0811,0.0501,0.0088,0.3851
0.9778,0.8665,0.8251,0.984,0.702,0.9099,0.2063,0.3112,0.6351
0.8191,0.4424,0.3399,0.8191,0.5504,0.6799,0.1989,0.3114,0.4878
0.7235,0.0067,0.0696,0.7563,0.4633,0.0811,0.0501,0.0088,0.1536
0.9423,0.5829,0.4668,0.9671,0.6989,0.7686,0.174,0.2694,0.5488
0.891,0.3158,0.2648,0.8895,0.5083,0.6245,0.1989,0.3114,0.47
0.7624,0.1536,0.1042,0.7563,0.4633,0.0811,0.0501,0.0088,0.3851
0.8537,0.4681,0.3592,0.8191,0.5821,0.7129,0.1989,0.3114,0.4878
0.9778,0.8665,0.8251,0.984,0.702,0.9099,0.2063,0.3112,0.6351
0.7892,0.1875,0.1489,0.801,0.6137,0.5293,0.1858,0.2945,0.3851
0.891,0.3158,0.2648,0.8895,0.5083,0.6245,0.1989,0.3114,0.47
0.7235,0.0067,0.0696,0.7563,0.4633,0.0811,0.0501,0.0088,0.1536
0.9423,0.5829,0.4668,0.9671,0.6989,0.7686,0.174,0.2694,0.5488
0.8475,0.4631,0.3529,0.9211,0.5623,0.7018,0.2041,0.3087,0.4962
0.7589,0.1855,0.0825,0.7739,0.4935,0.0965,0.0513,0.0823,0.2782
0.9778,0.8665,0.8251,0.984,0.6373,0.9099,0.2118,0.3542,0.6351
0.7235,0.0,0.0696,0.7563,0.4633,0.0811,0.0477,0.0088,0.1536
0.8191,0.4424,0.3399,0.9172,0.5504,0.6799,0.1989,0.3114,0.4878
0.9023,0.5829,0.4668,0.9671,0.6989,0.7686,0.2694,0.4742,0.5488
0.8317,0.3158,0.2648,0.8895,0.4778,0.6245,0.0501,0.0088,0.47
0.7931,0.2648,0.1989,0.8567,0.5083,0.6902,0.174,0.3211,0.5194
0.8665,0.7744,0.7744,0.9306,0.5912,0.8251,0.2041,0.3087,0.6351
0.9456,0.6351,0.4878,0.9671,0.6245,0.9099,0.2118,0.3542,0.6351
0.7893,0.4718,0.3399,0.8895,0.4778,0.6245,0.0513,0.0823,0.4878
0.8912,0.5829,0.4668,0.9306,0.5912,0.6902,0.174,0.3211,0.5194
0.8234,0.3158,0.2648,0.8567,0.4778,0.6245,0.0501,0.0088,0.47
0.9778,0.8665,0.8251,0.984,0.6373,0.9099,0.2118,0.3542,0.6351
0.7624,0.1855,0.0825,0.7739,0.4935,0.0965,0.0477,0.0823,0.2782
0.8191,0.4424,0.3399,0.9172,0.5504,0.6799,0.1989,0.3114,0.4878
0.9023,0.5829,0.4668,0.9306,0.5912,0.6902,0.174,0.3211,0.5194
0.8317,0.3158,0.2648,0.8567,0.4778,0.6245,0.0501,0.0088,0.47
0.7931,0.4718,0.3399,0.8895,0.4778,0.6245,0.0513,0.0823,0.4878
0.8665,0.7744,0.7744,0.9306,0.5912,0.6902,0.174,0.3211,0.5194
0.8547,0.4673,0.3521,0.9315,0.5812,0.7156,0.2114,0.3388,0.5293
0.7389,0.1567,0.0896,0.7642,0.4923,0.0998,0.0521,0.0872,0.2361
0.9778,0.8665,0.8251,0.984,0.6989,0.9099,0.2037,0.3114,0.6351
0.8191,0.4424,0.3399,0.8191,0.5504,0.6799,0.1989,0.3114,0.4878
0.7235,0.0067,0.0696,0.7563,0.4633,0.0811,0.0501,0.0088,0.1536
0.9472,0.5829,0.4668,0.9671,0.6989,0.7686,0.2694,0.4742,0.5488
0.891,0.3158,0.2648,0.9306,0.5083,0.6245,0.174,0.3211,0.47
0.7893,0.2185,0.1357,0.7744,0.5504,0.6902,0.1989,0.3114,0.3238
0.9172,0.4424,0.3399,0.9172,0.5504,0.6799,0.1989,0.3114,0.4878
0.68734109737,0.0,0.0696,0.7235,0.4633,0.0811,0.0501,0.0088,0.1536
0.9778,0.4673,0.3521,0.984,0.6989,0.9099,0.2037,0.3114,0.6351
0.8191,0.4424,0.3399,0.8191,0.5504,0.6799,0.1989,0.3114,0.4878
0.7389,0.1567,0.0896,0.7642,0.4923,0.0998,0.0521,0.0872,0.2361
0.9472,0.5829,0.4668,0.9671,0.6989,0.7686,0.2694,0.4742,0.5488
0.891,0.3158,0.2648,0.9306,0.5083,0.6245,0.174,0.3211,0.47
0.68734109737,0.0,0.0696,0.7235,0.4633,0.0811,0.0501,0.0088,0.1536
0.9778,0.8665,0.8251,0.984,0.6989,0.9099,0.2037,0.3114,0.6351
0.8191,0.4424,0.3399,0.8191,0.5504,0.6799,0.1989,0.3114,0.4878
0.7389,0.1567,0.0896,0.7642,0.4923,0.0998,0.0521,0.0872,0.2361
0.9472,0.5829,0.4668,0.9671,0.6989,0.7686,0.2694,0.4742,0.5488
0.8715,0.4639,0.3529,0.9538,0.5832,0.7122,0.2114,0.3467,0.4922
0.8357,0.3982,0.3191,0.9216,0.5457,0.6548,0.2051,0.3082,0.4589
0.7928,0.2876,0.2415,0.8973,0.5103,0.5995,0.1836,0.2641,0.3751
0.9178,0.6115,0.4982,0.984,0.6031,0.8273,0.2354,0.3892,0.6351
0.7563,0.1536,0.0696,0.8895,0.4778,0.0811,0.0501,0.0088,0.1536
0.8927,0.4912,0.3399,0.9306,0.5568,0.7534,0.2013,0.3114,0.4878
0.9778,0.8665,0.8251,0.984,0.6989,0.9099,0.2694,0.4742,0.5488
0.8191,0.3399,0.2648,0.8973,0.5103,0.6799,0.1989,0.3114,0.3751
0.7235,0.0,0.0696,0.7563,0.4633,0.0811,0.0501,0.0088,0.1536
0.9099,0.5829,0.4668,0.9671,0.6031,0.7686,0.2354,0.3892,0.5488
0.8357,0.4165,0.3191,0.9216,0.5457,0.6548,0.2051,0.3082,0.4589
0.7928,0.3036,0.2415,0.8973,0.5103,0.5995,0.1836,0.2641,0.3751
0.9178,0.6115,0.4982,0.9306,0.5568,0.7534,0.2013,0.3114,0.4878
0.8715,0.4639,0.3529,0.9538,0.5832,0.7122,0.2114,0.3467,0.4922
0.8357,0.3982,0.3191,0.9216,0.5457,0.6548,0.2051,0.3082,0.4589
0.7563,0.1536,0.0696,0.7563,0.4633,0.0811,0.0501,0.0088,0.1536
0.9778,0.8665,0.8251,0.984,0.6989,0.9099,0.2694,0.4742,0.5488
0.8191,0.3399,0.2648,0.8973,0.5103,0.6799,0.1989,0.3114,0.3751
0.7235,0.0,0.0696,0.7563,0.4633,0.0811,0.0501,0.0088,0.1536
0.9099,0.5829,0.4982,0.9306,0.5568,0.7534,0.2013,0.3114,0.4878
0.8567,0.4912,0.3521,0.9543,0.5872,0.7298,0.2115,0.3387,0.6123
0.7489,0.1856,0.0987,0.8234,0.4915,0.0954,0.0498,0.0765,0.2345
0.9112,0.8665,0.8251,0.984,0.6317,0.811,0.2054,0.3092,0.589
0.7654,0.2118,0.1234,0.7563,0.5123,0.1897,0.0678,0.1043,0.1678
0.8895,0.4718,0.3238,0.9306,0.5083,0.6902,0.1989,0.3114,0.47
0.9778,0.5829,0.4668,0.9671,0.6989,0.7686,0.2694,0.4742,0.5488
0.68734109737,0.0034,0.0696,0.7563,0.4633,0.0811,0.0501,0.0088,0.1536
0.7235,0.3158,0.2648,0.8895,0.4778,0.6245,0.174,0.3211,0.2345
0.891,0.6351,0.8251,0.984,0.6317,0.811,0.2054,0.3092,0.589
0.9198,0.4424,0.3399,0.9543,0.5872,0.6799,0.1989,0.3114,0.4878
0.7563,0.1856,0.0987,0.8234,0.4915,0.0954,0.0498,0.0765,0.2345
0.8191,0.4912,0.3521,0.9172,0.5504,0.6799,0.1989,0.3114,0.4878
0.984,0.8665,0.8251,0.9671,0.6989,0.7686,0.2694,0.4742,0.5488
0.7489,0.2118,0.1234,0.7563,0.5123,0.1897,0.0678,0.0765,0.1678
0.8895,0.4718,0.3238,0.9306,0.5872,0.6799,0.1989,0.3114,0.4878
0.68734109737,0.3158,0.2648,0.8895,0.4778,0.6245,0.174,0.3211,0.47
0.9778,0.5829,0.4668,0.9671,0.6989,0.7686,0.2694,0.4742,0.5488
0.7235,0.0034,0.0696,0.7563,0.4633,0.0811,0.0501,0.0088,0.1536
0.891,0.4424,0.3399,0.9172,0.5504,0.6799,0.1989,0.3114,0.4878
0.9112,0.8665,0.8251,0.9543,0.5872,0.6799,0.1989,0.3114,0.589
0.8547,0.4691,0.3528,0.9312,0.5789,0.7019,0.2043,0.3067,0.4982
0.7389,0.1582,0.0813,0.7654,0.4912,0.0956,0.0497,0.0833,0.1856
0.9778,0.8665,0.8251,0.984,0.6335,0.8107,0.2111,0.3183,0.6351
0.8191,0.4424,0.3399,0.8191,0.5504,0.6799,0.1989,0.3114,0.4878
0.7235,0.0067,0.0696,0.7563,0.4633,0.0811,0.0501,0.0088,0.1536
0.9023,0.4718,0.3238,0.9306,0.5083,0.6902,0.174,0.3211,0.5194
0.8912,0.5829,0.4668,0.9671,0.6989,0.7686,0.2694,0.4742,0.5488
0.7744,0.3158,0.2648,0.975,0.4778,0.6245,0.0501,0.0088,0.47
0.8391,0.2826,0.1954,0.8895,0.5753,0.5371,0.1862,0.2549,0.3318
0.9103,0.701,0.6383,0.9306,0.5808,0.7425,0.2048,0.3047,0.5911
0.68734109737,0.0984,0.0789,0.7563,0.4633,0.1234,0.0333,0.0582,0.1765
0.8794,0.5291,0.3935,0.9306,0.5932,0.7084,0.2071,0.3057,0.5156
0.9976,0.8665,0.8251,0.984,0.6335,0.8107,0.2111,0.3183,0.6351
0.749,0.1947,0.1234,0.7654,0.4912,0.0888,0.0478,0.0732,0.1653
0.8312,0.4956,0.3678,0.8895,0.5753,0.6712,0.2048,0.3047,0.5156
0.9547,0.6351,0.4668,0.975,0.6335,0.7686,0.2694,0.4742,0.5488
0.7189,0.0345,0.0661587103055,0.7563,0.4633,0.0789,0.0333,0.0582,0.1765
0.8012,0.4123,0.2987,0.8191,0.5504,0.6902,0.174,0.3211,0.4878
0.9234,0.5555,0.3889,0.9306,0.5808,0.7425,0.2048,0.3047,0.5911
0.68734109737,0.1111,0.0889,0.7654,0.4912,0.1234,0.0333,0.0582,0.1653
0.8416,0.4593,0.3472,0.9241,0.5633,0.6893,0.2015,0.3087,0.4927
0.7389,0.1856,0.0811,0.7654,0.4923,0.0922,0.0531,0.0089,0.2675
0.9778,0.8665,0.8251,0.984,0.6989,0.9099,0.174,0.9821,0.6351
0.8191,0.4424,0.3399,0.8191,0.5504,0.6799,0.1989,0.3114,0.4878
0.7235,0.0,0.0696,0.7563,0.4633,0.0811,0.0501,0.0088,0.1536
0.9427,0.5829,0.4668,0.9671,0.6989,0.7686,0.2694,0.4742,0.5488
0.8912,0.4718,0.3238,0.9306,0.5083,0.6902,0.174,0.3211,0.5194
0.7891,0.3158,0.2648,0.8895,0.4778,0.6245,0.0531,0.0089,0.47
0.9004,0.8665,0.8251,0.984,0.6989,0.9099,0.174,0.9821,0.6351
0.6989,0.1856,0.0811,0.7654,0.4923,0.0922,0.0531,0.0089,0.2675
0.8416,0.4593,0.3472,0.8191,0.5633,0.6893,0.2015,0.3087,0.4927
0.7389,0.1856,0.0811,0.7654,0.4923,0.0922,0.0531,0.0089,0.2675
0.9778,0.8665,0.8251,0.984,0.6989,0.9099,0.174,0.9821,0.6351
0.8191,0.4424,0.3399,0.8191,0.5504,0.6799,0.2015,0.3087,0.4927
0.7891,0.3158,0.2648,0.8895,0.4778,0.6902,0.174,0.3211,0.5194
0.9427,0.5829,0.4668,0.9671,0.6989,0.7686,0.2694,0.4742,0.5488
0.6989,0.1856,0.0811,0.7654,0.4923,0.0922,0.0531,0.0089,0.2675
0.8416,0.4593,0.3472,0.8191,0.5633,0.6893,0.2015,0.3087,0.4927
0.7389,0.1856,0.0811,0.7654,0.4923,0.0922,0.0531,0.0089,0.2675
0.9778,0.8665,0.8251,0.984,0.6989,0.9099,0.174,0.9821,0.6351
0.8415,0.4637,0.3521,0.9212,0.5678,0.6954,0.2037,0.3052,0.4987
0.7389,0.1892,0.0866,0.7654,0.4921,0.0932,0.0489,0.0873,0.2563
0.9778,0.8665,0.8251,0.984,0.6989,0.9099,0.174,0.2694,0.6351
0.8191,0.4424,0.3399,0.8191,0.5504,0.6799,0.1989,0.3114,0.4878
0.7235,0.0,0.0696,0.7563,0.4633,0.0811,0.0501,0.0088,0.1536
0.9427,0.5829,0.4668,0.9671,0.6989,0.7686,0.2694,0.4742,0.5488
0.8912,0.3158,0.2648,0.9306,0.5083,0.6245,0.174,0.3211,0.47
0.8395,0.4718,0.3238,0.9096,0.5083,0.6902,0.1989,0.3052,0.5194
0.7624,0.3158,0.2648,0.7744,0.4778,0.6245,0.0501,0.0088,0.2563
0.9778,0.8665,0.8251,0.984,0.6989,0.9099,0.174,0.2694,0.6351
0.8415,0.4637,0.3521,0.8191,0.5504,0.6799,0.1989,0.3114,0.4878
0.7235,0.0,0.0696,0.7563,0.4633,0.0811,0.0501,0.0088,0.1536
0.9427,0.5829,0.4668,0.9671,0.6989,0.7686,0.2694,0.4742,0.5488
0.8912,0.3158,0.2648,0.9306,0.5083,0.6902,0.1989,0.3114,0.47
0.8395,0.4718,0.3238,0.9096,0.5083,0.6902,0.1989,0.3114,0.5194
0.7624,0.3158,0.2648,0.7744,0.4778,0.6245,0.0501,0.0088,0.2563
0.9778,0.8665,0.8251,0.984,0.6989,0.9099,0.174,0.2694,0.6351
0.8415,0.4637,0.3521,0.8191,0.5504,0.6799,0.1989,0.3114,0.4878
0.7235,0.0,0.0696,0.7563,0.4633,0.0811,0.0501,0.0088,0.1536
0.9427,0.5829,0.4668,0.9671,0.6989,0.7686,0.2694,0.4742,0.5488
0.8635,0.4912,0.3712,0.9389,0.5821,0.6547,0.2018,0.3054,0.4693
0.7392,0.1587,0.0892,0.8015,0.4968,0.1134,0.0756,0.0823,0.2185
0.9118,0.7665,0.4517,0.9778,0.6325,0.7899,0.2345,0.3187,0.6123
0.8875,0.3923,0.2489,0.8547,0.5216,0.4987,0.1839,0.2609,0.3811
0.7563,0.0866,0.0696,0.7624,0.4813,0.0811,0.0512,0.0769,0.1536
0.9778,0.8665,0.8251,0.984,0.702,0.9099,0.3673,0.4751,0.6351
0.8191,0.4424,0.3399,0.8191,0.5504,0.6799,0.2018,0.3054,0.4878
0.7235,0.1194,0.0769,0.7563,0.4778,0.0811,0.0512,0.0769,0.1536
0.9401,0.6351,0.4668,0.9671,0.6989,0.7686,0.2694,0.4742,0.5488
0.8914,0.5829,0.3712,0.8895,0.5083,0.6902,0.174,0.2611,0.47
0.7899,0.2345,0.1456,0.7744,0.4968,0.1134,0.0756,0.0823,0.2185
0.9195,0.4912,0.3712,0.9389,0.5821,0.6547,0.2018,0.3054,0.4693
0.8374,0.3158,0.2648,0.8015,0.4968,0.4987,0.1839,0.2609,0.3811
0.7744,0.1587,0.0892,0.7624,0.4813,0.0811,0.0512,0.0769,0.1536
0.984,0.8665,0.8251,0.9778,0.702,0.9099,0.3673,0.4751,0.6351
0.8191,0.4424,0.3399,0.8191,0.5504,0.6799,0.2018,0.3054,0.4878
0.7563,0.0866,0.0769,0.7624,0.4813,0.4987,0.1839,0.2609,0.3811
0.9401,0.6351,0.4668,0.9671,0.6989,0.7686,0.2694,0.4742,0.5488
0.8914,0.5829,0.3712,0.8895,0.5083,0.6902,0.174,0.2611,0.47
0.8374,0.3158,0.2648,0.8015,0.4968,0.4987,0.1839,0.2609,0.3811
0.8931,0.4756,0.3827,0.9639,0.5881,0.7523,0.2134,0.3487,0.6093
0.7369,0.1582,0.1215,0.8478,0.4912,0.0936,0.0856,0.0452,0.2876
0.9118,0.6351,0.4912,0.984,0.6747,0.8665,0.2316,0.3827,0.5983
0.8547,0.3827,0.2876,0.8951,0.5236,0.4317,0.1672,0.297,0.4183
0.7654,0.0866,0.0966,0.8235,0.44008800635,0.1224,0.0543,0.0796,0.1836
0.9778,0.8665,0.8251,0.9404,0.6369,0.9099,0.2714,0.4584,0.6351
0.8191,0.4424,0.3399,0.879,0.5065,0.6799,0.1989,0.3114,0.4878
0.7235,0.1111,0.0696,0.7563,0.44008800635,0.0811,0.0201,0.0129,0.1536
0.9404,0.702,0.5504,0.9306,0.5811,0.7686,0.2694,0.4742,0.5488
0.8931,0.5829,0.4668,0.9172,0.5504,0.6245,0.1989,0.3114,0.47
0.7744,0.2648,0.2648,0.8895,0.4912,0.0936,0.0543,0.0796,0.2876
0.9118,0.6351,0.4912,0.984,0.6747,0.8665,0.2316,0.3827,0.5983
0.8547,0.3827,0.2876,0.8951,0.5236,0.4317,0.1672,0.297,0.4183
0.7654,0.0866,0.0966,0.8235,0.44008800635,0.1224,0.0543,0.0796,0.1836
0.9778,0.8665,0.8251,0.9404,0.6369,0.9099,0.2714,0.3827,0.6351
0.8191,0.4424,0.3399,0.879,0.5065,0.6799,0.1989,0.3114,0.4878
0.7235,0.1111,0.0696,0.7563,0.44008800635,0.0811,0.0543,0.0796,0.1836
0.8931,0.5829,0.4668,0.9172,0.5065,0.6799,0.1989,0.3114,0.4878
0.7744,0.2648,0.2648,0.8895,0.44008800635,0.1224,0.0543,0.0796,0.2876
0.9118,0.6351,0.4912,0.984,0.6747,0.8665,0.2316,0.3827,0.5983
0.8547,0.4691,0.3522,0.9215,0.5789,0.7154,0.2112,0.3056,0.4923
0.7892,0.1856,0.1234,0.7654,0.4987,0.0987,0.0892,0.1543,0.2345
0.9123,0.7654,0.4892,0.984,0.6213,0.6892,0.2054,0.2987,0.6123
0.8234,0.3456,0.2112,0.8901,0.5321,0.1789,0.0765,0.1423,0.3876
0.7345,0.0987,0.0765,0.7235,0.4567,0.0770321132215,0.0321,0.0892,0.1678
0.889,0.5432,0.3876,0.9671,0.5912,0.7686,0.2234,0.3211,0.5432
0.9456,0.8665,0.5829,0.984,0.6378,0.9099,0.2512,0.4742,0.6351
0.7012,0.2987,0.182,0.7563,0.4778,0.0811,0.0498,0.091,0.1536
0.68734109737,0.1234,0.0696,0.7235,0.4633,0.0770321132215,0.0289,0.0765,0.14595471052999998
0.8012,0.4123,0.2512,0.8901,0.5104,0.1234,0.0679,0.1224,0.3211
0.9778,0.8665,0.5829,0.984,0.6378,0.9099,0.2512,0.4742,0.6351
0.8345,0.3987,0.2345,0.8895,0.5123,0.1789,0.0765,0.1423,0.3876
0.7654,0.2112,0.1234,0.7563,0.4633,0.0987,0.0498,0.091,0.1678
0.8901,0.5432,0.3876,0.9671,0.5912,0.7686,0.2234,0.3211,0.5432
0.9215,0.7654,0.4892,0.984,0.6213,0.6892,0.2054,0.2987,0.6123
0.7892,0.1856,0.1234,0.7654,0.4987,0.0987,0.0498,0.091,0.1678
0.8547,0.4691,0.3522,0.9215,0.5789,0.7154,0.2112,0.3056,0.4923
0.8012,0.3456,0.2112,0.8901,0.5104,0.1234,0.0679,0.1224,0.3211
0.9456,0.8665,0.5829,0.984,0.6378,0.9099,0.2512,0.4742,0.6351
0.7345,0.2987,0.182,0.7563,0.4633,0.0811,0.0498,0.091,0.1678
0.8417,0.4563,0.3492,0.9218,0.5623,0.6878,0.2015,0.3089,0.4782
0.7386,0.1892,0.0815,0.7654,0.4912,0.0932,0.0489,0.0763,0.2854
0.9778,0.8665,0.8251,0.984,0.6989,0.9099,0.1993,0.3211,0.6351
0.8191,0.4424,0.3399,0.8191,0.5504,0.6799,0.1989,0.3114,0.4878
0.7235,0.0076,0.0696,0.7563,0.4633,0.0811,0.0501,0.0088,0.1536
0.9472,0.5829,0.4668,0.9671,0.6989,0.7686,0.2694,0.4742,0.5488
0.891,0.3158,0.2648,0.8895,0.5083,0.6245,0.174,0.3211,0.47
0.9778,0.6351,0.8251,0.984,0.6989,0.9099,0.1993,0.3211,0.6351
0.7624,0.1892,0.0815,0.7563,0.4633,0.0932,0.0489,0.0763,0.2854
0.8191,0.4424,0.3399,0.8191,0.5504,0.6799,0.1989,0.3114,0.4878
0.9218,0.5829,0.4668,0.9218,0.5623,0.6878,0.2015,0.3089,0.4782
0.7386,0.1892,0.0815,0.7654,0.4912,0.0932,0.0489,0.0763,0.2854
0.8417,0.4563,0.3492,0.8191,0.5504,0.6878,0.2015,0.3089,0.4782
0.9778,0.8665,0.8251,0.984,0.6989,0.9099,0.1993,0.3211,0.6351
0.8191,0.4424,0.3399,0.8191,0.5504,0.6799,0.1989,0.3114,0.4878
0.7235,0.0076,0.0696,0.7563,0.4633,0.0811,0.0489,0.0763,0.2854
0.9472,0.5829,0.4668,0.9671,0.6989,0.7686,0.2694,0.4742,0.5488
0.891,0.3158,0.2648,0.8895,0.5083,0.6245,0.174,0.3211,0.47
0.8417,0.4563,0.3492,0.8191,0.5504,0.6878,0.2015,0.3089,0.4782
0.7386,0.1892,0.0815,0.7654,0.4912,0.0932,0.0489,0.0763,0.2854
0.8512,0.4673,0.3592,0.9387,0.5872,0.7128,0.2165,0.3341,0.5219
0.7789,0.1887,0.1234,0.7654,0.4912,0.0956,0.0832,0.0912,0.2789
0.9215,0.8665,0.8251,0.984,0.6357,0.8111,0.2317,0.3593,0.6351
0.8843,0.5829,0.4668,0.9671,0.5456,0.6902,0.1989,0.3114,0.47
0.7356,0.0088,0.0696,0.7563,0.4778,0.0811,0.0501,0.0088,0.1536
0.9778,0.5829,0.4668,0.975,0.5504,0.7686,0.2694,0.4742,0.5488
0.8191,0.4424,0.3399,0.8191,0.5504,0.6799,0.1989,0.3114,0.4878
0.9023,0.6351,0.6351,0.984,0.5872,0.9099,0.2317,0.3593,0.6351
0.7624,0.3158,0.2648,0.7744,0.4778,0.6245,0.0832,0.0912,0.2789
0.8914,0.5219,0.3592,0.9387,0.5872,0.7128,0.2165,0.3341,0.5219
0.9432,0.789,0.6709,0.984,0.5989,0.8111,0.2317,0.3593,0.6351
0.8345,0.4718,0.3238,0.9306,0.5083,0.6902,0.1989,0.3114,0.47
0.7987,0.1887,0.1234,0.7654,0.4912,0.0956,0.0501,0.0088,0.2789
0.9671,0.8665,0.8251,0.975,0.5504,0.7686,0.2694,0.4742,0.5488
0.8191,0.4424,0.3399,0.8191,0.5504,0.6799,0.1989,0.3341,0.4878
0.9215,0.6351,0.6351,0.984,0.5872,0.9099,0.2317,0.3593,0.6351
0.8843,0.5829,0.4668,0.9387,0.5872,0.7128,0.2165,0.3341,0.5219
0.7356,0.3158,0.2648,0.7744,0.4778,0.6245,0.0832,0.0912,0.2789
0.9023,0.5219,0.3592,0.9387,0.5872,0.7128,0.2165,0.3341,0.5219
0.8512,0.4673,0.3592,0.9387,0.5872,0.7128,0.2165,0.3341,0.5219
0.8547,0.4683,0.3521,0.9315,0.5872,0.7153,0.2115,0.3456,0.5234
0.7892,0.2345,0.1234,0.7654,0.4987,0.0987,0.0876,0.1234,0.2567
0.9123,0.8678,0.8251,0.984,0.621,0.8123,0.2543,0.4789,0.6351
0.8012,0.3567,0.289,0.8895,0.521,0.4567,0.189,0.3123,0.47
0.7235,0.0,0.0696,0.7563,0.4633,0.0811,0.021,0.0087,0.1536
0.9778,0.8665,0.8251,0.984,0.7371448123200001,0.9099,0.3211,0.6709,0.6351
0.8345,0.4987,0.3456,0.8901,0.5432,0.6799,0.2012,0.3345,0.4878
0.7654,0.2123,0.1345,0.7654,0.4987,0.1234,0.0987,0.1234,0.2567
0.9123,0.5829,0.4668,0.984,0.621,0.7686,0.2694,0.4742,0.5488
0.8012,0.3158,0.2648,0.8895,0.4778,0.6245,0.1989,0.3114,0.47
0.9778,0.7777,0.7777,0.984,0.7371448123200001,0.8123,0.2543,0.4789,0.6351
0.7235,0.0,0.0696,0.7563,0.4633,0.0811,0.021,0.0087,0.1536
0.8547,0.4683,0.3521,0.9315,0.5872,0.7153,0.2115,0.3456,0.5234
0.9123,0.8678,0.8251,0.984,0.621,0.9099,0.3211,0.6709,0.6351
0.8345,0.4987,0.3456,0.8901,0.5432,0.6799,0.2012,0.3345,0.4878
0.7654,0.2123,0.1345,0.7654,0.4987,0.6245,0.1989,0.3114,0.47
0.9778,0.7777,0.7777,0.984,0.7371448123200001,0.8123,0.2543,0.4789,0.6351
0.8012,0.3158,0.2648,0.8895,0.4778,0.4567,0.0987,0.1234,0.2567
0.7235,0.0,0.0696,0.7563,0.4633,0.0811,0.021,0.0087,0.1536
0.8547,0.4683,0.3521,0.9315,0.5872,0.7153,0.2115,0.3456,0.5234
0.8657,0.4913,0.3825,0.9221,0.5883,0.7632,0.2045,0.3332,0.4119
0.8913,0.6785,0.4687,0.9778,0.6231,0.5399,0.1872,0.294,0.5583
0.7869,0.2442,0.1234,0.7563,0.4837,0.1111,0.0498,0.0821,0.1653
0.9172,0.5829,0.3399,0.9671,0.5504,0.6799,0.1989,0.3114,0.4878
0.8325,0.3914,0.2648,0.8895,0.4778,0.3866,0.1357,0.2714,0.3914
0.9778,0.8665,0.8251,0.984,0.6989,0.9099,0.3114,0.9821,0.6351
0.7235,0.1536,0.0696,0.7563,0.4633,0.0811,0.0501,0.0088,0.1536
0.8913,0.7412,0.4913,0.9778,0.6231,0.5998,0.2045,0.3332,0.5077
0.68734109737,0.2118,0.1111,0.7563,0.4837,0.1457,0.0795,0.126,0.14595471052999998
0.9172,0.5829,0.3399,0.9671,0.5504,0.6799,0.1989,0.3114,0.4878
0.8657,0.4913,0.3825,0.9221,0.5883,0.7632,0.2045,0.3332,0.4119
0.7869,0.2442,0.1234,0.8895,0.4778,0.3866,0.1357,0.2714,0.3914
0.9778,0.8665,0.8251,0.984,0.6989,0.9099,0.3114,0.9821,0.6351
0.8325,0.3914,0.2648,0.8895,0.4778,0.3866,0.1357,0.2714,0.3914
0.9172,0.5829,0.3399,0.9671,0.5504,0.6799,0.1989,0.3114,0.4878
0.7235,0.1536,0.0696,0.7563,0.4837,0.0811,0.0501,0.0821,0.1536
0.8913,0.7412,0.4913,0.9778,0.6231,0.5998,0.2045,0.3332,0.5077
0.68734109737,0.2118,0.1111,0.8895,0.4778,0.3866,0.1357,0.2714,0.3914
0.9172,0.5829,0.3399,0.9671,0.5504,0.6799,0.1989,0.3114,0.4878
0.8325,0.3914,0.2648,0.8895,0.4778,0.3866,0.1357,0.2714,0.3914
0.8571,0.4639,0.3524,0.9438,0.5822,0.7199,0.2156,0.3329,0.4983
0.7362,0.1883,0.0853,0.8921,0.4997,0.0961,0.0789,0.0351,0.2273
0.9778,0.8665,0.8251,0.984,0.6357,0.811,0.2013,0.3085,0.6351
0.7624,0.3158,0.2648,0.8895,0.4778,0.6245,0.1989,0.3114,0.47
0.8191,0.4424,0.3399,0.9172,0.5504,0.6799,0.1989,0.3114,0.4878
0.9235,0.5829,0.4668,0.9671,0.6989,0.7686,0.2694,0.4742,0.5488
0.7235,0.0001,0.0696,0.7563,0.4633,0.0811,0.0501,0.0088,0.1536
0.891,0.4718,0.3238,0.9306,0.5083,0.6902,0.174,0.3211,0.5194
0.8571,0.4639,0.3524,0.9438,0.5822,0.7199,0.2156,0.3329,0.4983
0.7744,0.3915,0.2976,0.8744,0.5083,0.5829,0.174,0.3211,0.5194
0.9438,0.6351,0.8251,0.984,0.6357,0.811,0.2013,0.3085,0.6351
0.7624,0.3158,0.2648,0.8895,0.4778,0.6245,0.1989,0.3114,0.47
0.8191,0.4424,0.3399,0.9172,0.5504,0.6799,0.1989,0.3114,0.4878
0.9235,0.5829,0.4668,0.9671,0.6989,0.7686,0.2694,0.4742,0.5488
0.7362,0.1883,0.0853,0.8921,0.4997,0.0961,0.0789,0.0351,0.2273
0.891,0.4718,0.3238,0.9306,0.5083,0.6902,0.174,0.3211,0.5194
0.8571,0.4639,0.3524,0.9438,0.5822,0.7199,0.2156,0.3329,0.4983
0.7744,0.3915,0.2976,0.8744,0.5083,0.5829,0.174,0.3211,0.5194
0.9438,0.6351,0.8251,0.984,0.6357,0.811,0.2013,0.3085,0.6351
0.7624,0.3158,0.2648,0.8895,0.4778,0.6245,0.1989,0.3114,0.47
0.8531,0.4679,0.3523,0.9427,0.5872,0.7155,0.2115,0.3364,0.5219
0.7892,0.1234,0.0987,0.8123,0.6215,0.0954,0.0489,0.0765,0.2345
0.9111,0.789,0.5432,0.9765,0.5345,0.6678,0.2012,0.3098,0.6543
0.8321,0.5567,0.3987,0.889,0.5123,0.5432,0.189,0.2714,0.4789
0.7235,0.0678,0.0789,0.7567,0.489,0.1234,0.0345,0.0567,0.1567
0.891,0.6234,0.4567,0.9456,0.5678,0.789,0.2345,0.3678,0.589
0.9778,0.8665,0.8251,0.984,0.5432,0.9099,0.3123,0.489,0.6351
0.7654,0.3456,0.2123,0.7543,0.5098,0.2345,0.089,0.1234,0.2789
0.68734109737,0.1123,0.0789,0.7184889857249999,0.4987,0.1567,0.0456,0.0678,0.14595471052999998
0.8191,0.4424,0.3399,0.81,0.5555,0.6799,0.2,0.3111,0.4878
0.9456,0.789,0.5432,0.9678,0.5789,0.7123,0.1987,0.2987,0.6456
0.7987,0.389,0.2678,0.7789,0.5234,0.4567,0.1678,0.2567,0.3456
0.8321,0.5567,0.3987,0.889,0.5123,0.6045,0.1789,0.289,0.4678
0.9111,0.6234,0.4567,0.9456,0.5678,0.689,0.2123,0.3214,0.5987
0.8765,0.4987,0.3678,0.8543,0.5321,0.5678,0.1567,0.2432,0.4321
0.7235,0.0678,0.0789,0.7567,0.489,0.1234,0.0345,0.0567,0.1567
0.984,0.8665,0.8251,0.9765,0.5432,0.9099,0.3123,0.489,0.6351
0.8191,0.4424,0.3399,0.81,0.5555,0.6799,0.2,0.3111,0.4878
0.7654,0.389,0.2678,0.7789,0.5234,0.4567,0.1678,0.2432,0.3456
0.9456,0.789,0.5432,0.9678,0.5678,0.7123,0.2123,0.3214,0.5987
0.8547,0.4931,0.3625,0.9431,0.5873,0.7153,0.2123,0.3367,0.4982
0.7382,0.1587,0.0889,0.7769,0.4935,0.0921,0.0493,0.0878,0.1683
0.9778,0.8665,0.8251,0.984,0.563,0.8173,0.2058,0.3079,0.6351
0.8191,0.4424,0.3399,0.8191,0.5504,0.6799,0.1989,0.3114,0.4878
0.7235,0.0063,0.0696,0.7563,0.4633,0.0811,0.0501,0.0088,0.1536
0.9778,0.5829,0.4668,0.9671,0.5433,0.7686,0.2694,0.4742,0.5488
0.891,0.3158,0.2648,0.8895,0.5083,0.6245,0.174,0.3211,0.47
0.8191,0.4424,0.3399,0.8191,0.5504,0.6799,0.1989,0.3114,0.4878
0.7744,0.2718,0.1989,0.7624,0.5083,0.0902,0.0493,0.0878,0.1683
0.9431,0.6351,0.5488,0.984,0.563,0.7153,0.2058,0.3079,0.6351
0.8547,0.4931,0.3625,0.9431,0.5873,0.7153,0.2123,0.3367,0.4982
0.7382,0.1587,0.0889,0.7769,0.4935,0.0921,0.0493,0.0878,0.1683
0.9778,0.8665,0.8251,0.984,0.563,0.8173,0.2058,0.3079,0.6351
0.8191,0.4424,0.3399,0.8191,0.5504,0.6799,0.1989,0.3114,0.4878
0.7744,0.2718,0.1989,0.7624,0.5083,0.0902,0.0493,0.0878,0.1683
0.891,0.3158,0.2648,0.8895,0.5083,0.6245,0.174,0.3211,0.47
0.9431,0.6351,0.5488,0.984,0.563,0.7153,0.2058,0.3079,0.6351
0.8547,0.4931,0.3625,0.9431,0.5873,0.7153,0.2123,0.3367,0.4982
0.7382,0.1587,0.0889,0.7769,0.4935,0.0921,0.0493,0.0878,0.1683
0.8191,0.4424,0.3399,0.8191,0.5504,0.6799,0.1989,0.3114,0.4878
0.8765,0.4987,0.3821,0.9456,0.5872,0.7198,0.2154,0.3387,0.5213
0.7892,0.1567,0.1234,0.8123,0.4987,0.0954,0.0876,0.0123,0.2587
0.9123,0.6543,0.4567,0.9789,0.6213,0.8765,0.2543,0.4876,0.6668822963250001
0.8321,0.3213,0.2014,0.7654,0.5123,0.1234,0.0987,0.0156,0.3456
0.7234,0.0876,0.0987,0.7184889857249999,0.44008800635,0.0770321132215,0.0456,0.0089,0.14595471052999998
0.9567,0.7432,0.5123,0.9876,0.6321,0.9012,0.2876,0.5432,0.6668822963250001
0.8901,0.5213,0.3765,0.8654,0.5432,0.789,0.2345,0.4123,0.6668822963250001
0.7543,0.2134,0.1123,0.7184889857249999,0.4567,0.1432,0.0789,0.0098,0.2345
0.9213,0.6123,0.4789,0.9654,0.5678,0.8321,0.2654,0.4987,0.6668822963250001
0.8098,0.4012,0.2876,0.7432,0.5213,0.6987,0.2014,0.3654,0.5876
0.9876,0.8543,0.5678,0.9921,0.6123,0.9213,0.2987,0.5213,0.6668822963250001
0.7654,0.3567,0.1987,0.7184889857249999,0.4789,0.1123,0.0654,0.0089,0.2134
0.8321,0.4987,0.3321,0.789,0.5012,0.7567,0.2432,0.4789,0.6321
0.9456,0.7098,0.4654,0.9789,0.5921,0.8901,0.2789,0.5123,0.6668822963250001
0.7123,0.2654,0.1345,0.7184889857249999,0.4456,0.0876,0.0432,0.0078,0.1987
0.8765,0.5213,0.3543,0.8321,0.5321,0.7654,0.2345,0.4123,0.6668822963250001
0.9012,0.6321,0.4213,0.9567,0.5789,0.889,0.2654,0.4987,0.6668822963250001
0.7987,0.3876,0.1821,0.7184889857249999,0.4654,0.1234,0.0789,0.0089,0.2345
0.8123,0.4567,0.2789,0.7432,0.5123,0.7098,0.2213,0.4012,0.6543
0.9654,0.8213,0.5432,0.9876,0.5921,0.9123,0.2876,0.5213,0.6668822963250001
0.8547,0.4613,0.3529,0.9381,0.5832,0.7117,0.2145,0.3658,0.4917
0.7892,0.1875,0.1234,0.8015,0.5216,0.4998,0.1789,0.2394,0.2789
0.9215,0.6543,0.4897,0.9778,0.6321,0.6382,0.2054,0.3012,0.5792
0.7346,0.0892,0.0812,0.7654,0.4891,0.2345,0.0987,0.1465,0.1654
0.8852,0.3987,0.3111,0.9123,0.5647,0.5567,0.1823,0.2689,0.4321
0.9778,0.8665,0.8251,0.984,0.6989,0.9099,0.3768,0.5123,0.6351
0.68734109737,0.2154,0.1587,0.7563,0.4778,0.1892,0.0831,0.1228,0.1536
0.7091,0.3456,0.2345,0.8895,0.5083,0.4123,0.1607,0.2456,0.3897
0.8191,0.4424,0.3399,0.8191,0.5504,0.6799,0.2,0.3357,0.4878
0.9412,0.5829,0.4668,0.9671,0.6989,0.7686,0.2356,0.3842,0.5488
0.8913,0.4012,0.3056,0.9099,0.5432,0.5874,0.1934,0.2967,0.4123
0.7744,0.2587,0.1889,0.7744,0.5083,0.3211,0.1145,0.1692,0.2711
0.8321,0.3678,0.2711,0.8547,0.5304,0.4792,0.1889,0.2836,0.3987
0.9054,0.5216,0.4098,0.9306,0.5744,0.6902,0.2184,0.3185,0.5194
0.7235,0.1189,0.0765,0.7235,0.4891,0.2087,0.0912,0.1389,0.1654
0.8665,0.4917,0.3668,0.8915,0.5462,0.5998,0.2074,0.3242,0.4321
0.9172,0.6543,0.4897,0.9778,0.6321,0.6382,0.2054,0.3357,0.5792
0.7563,0.3158,0.2648,0.7563,0.4778,0.4998,0.1889,0.2836,0.3897
0.8015,0.3987,0.3111,0.8895,0.5432,0.5874,0.1934,0.2967,0.4123
0.984,0.8665,0.8251,0.984,0.6989,0.9099,0.3768,0.5123,0.6351
0.8547,0.4673,0.3592,0.9312,0.5821,0.7155,0.2054,0.3067,0.4983
0.7892,0.1854,0.0896,0.7623,0.4923,0.0988,0.0512,0.0785,0.2165
0.9113,0.8665,0.8251,0.984,0.6274,0.8133,0.2117,0.3539,0.6351
0.8314,0.3158,0.2648,0.8895,0.5571,0.6245,0.1989,0.3114,0.47
0.7235,0.0,0.0696,0.7563,0.4633,0.0811,0.0501,0.0088,0.1536
0.9778,0.5829,0.4668,0.9671,0.6989,0.7686,0.2694,0.4742,0.5488
0.891,0.4424,0.3399,0.9172,0.5504,0.6799,0.1989,0.3114,0.4878
0.7563,0.182,0.0896,0.7563,0.4923,0.0988,0.0512,0.0785,0.2165
0.8191,0.4673,0.3592,0.9312,0.5821,0.7155,0.2054,0.3067,0.4983
0.9445,0.6351,0.5488,0.9671,0.6989,0.7686,0.2694,0.4742,0.5488
0.8713,0.3158,0.2648,0.8895,0.5571,0.6245,0.1989,0.3114,0.47
0.7903,0.2531,0.1854,0.7623,0.4923,0.1187,0.0512,0.0785,0.1865
0.9234,0.8665,0.8251,0.984,0.6274,0.8133,0.2117,0.3539,0.6351
0.8456,0.4424,0.3399,0.8895,0.5571,0.6245,0.1989,0.3114,0.4878
0.7623,0.0,0.0696,0.7563,0.4923,0.0988,0.0512,0.0785,0.2165
0.9012,0.5829,0.4668,0.9172,0.5504,0.6799,0.2054,0.3067,0.4878
0.8191,0.4673,0.3592,0.9312,0.5821,0.7155,0.2054,0.3067,0.4983
0.7892,0.1854,0.0896,0.7623,0.4923,0.0988,0.0512,0.0785,0.2165
0.9778,0.8665,0.8251,0.984,0.6274,0.8133,0.2117,0.3539,0.6351
0.8314,0.3158,0.2648,0.8895,0.5571,0.6245,0.1989,0.3114,0.47
0.8547,0.4631,0.3529,0.9512,0.5873,0.7198,0.2064,0.3084,0.4932
0.7563,0.1536,0.0696,0.8895,0.4778,0.0811,0.0501,0.0088,0.3158
0.9778,0.8665,0.8251,0.984,0.6989,0.9099,0.174,0.3211,0.5488
0.8191,0.4424,0.3399,0.9172,0.5504,0.6799,0.1989,0.3114,0.4878
0.7235,0.0,0.0696,0.7563,0.4633,0.0811,0.0501,0.0088,0.1536
0.9029,0.5829,0.4668,0.9671,0.6989,0.7686,0.2694,0.4742,0.5194
0.8913,0.4718,0.3238,0.9306,0.5083,0.6902,0.174,0.3211,0.5194
0.8354,0.3158,0.2648,0.8895,0.4778,0.6245,0.0501,0.0088,0.3158
0.9778,0.6351,0.8251,0.984,0.6989,0.9099,0.174,0.3211,0.5488
0.7624,0.4718,0.3238,0.7744,0.5083,0.6902,0.174,0.3211,0.5194
0.8547,0.5829,0.4668,0.9671,0.6989,0.7686,0.2694,0.4742,0.5194
0.919,0.8665,0.8251,0.9778,0.5873,0.6799,0.1989,0.3114,0.4878
0.7563,0.1536,0.0696,0.7563,0.4633,0.0811,0.0501,0.0088,0.1536
0.8913,0.4718,0.3238,0.9306,0.5083,0.6902,0.174,0.3211,0.5194
0.8354,0.3158,0.2648,0.8895,0.4778,0.6245,0.0501,0.0088,0.3158
0.9778,0.6351,0.8251,0.984,0.6989,0.9099,0.174,0.3211,0.5488
0.7624,0.4718,0.3238,0.7744,0.5083,0.6902,0.174,0.3211,0.5194
0.8191,0.4424,0.3399,0.9172,0.5504,0.6799,0.1989,0.3114,0.4878
0.9512,0.5829,0.4668,0.9306,0.5083,0.6902,0.174,0.3211,0.5194
0.8913,0.4718,0.3238,0.9306,0.5083,0.6902,0.174,0.3211,0.5194
0.8531,0.4679,0.3524,0.9315,0.5812,0.7112,0.2068,0.3048,0.4932
0.7358,0.1892,0.0862,0.8731,0.4987,0.0955,0.0493,0.0926,0.2187
0.9778,0.8665,0.8251,0.984,0.6372,0.8102,0.2147,0.3551,0.6351
0.8191,0.4424,0.3399,0.9172,0.5504,0.6799,0.1989,0.3114,0.4878
0.7235,0.0065,0.0696,0.7563,0.4633,0.0811,0.0501,0.0088,0.1536
0.9427,0.5829,0.4668,0.9671,0.6989,0.7686,0.2694,0.4742,0.5488
0.8913,0.3158,0.2648,0.8895,0.5083,0.6245,0.174,0.3211,0.47
0.7894,0.2648,0.1989,0.7744,0.5,0.0902,0.0493,0.1086,0.2345
0.8756,0.4718,0.3238,0.9306,0.5194,0.6902,0.1989,0.3114,0.4932
0.9187,0.5829,0.4668,0.9671,0.6989,0.7686,0.2694,0.4742,0.5488
0.7624,0.1536,0.0862,0.7563,0.4633,0.0955,0.0501,0.0088,0.1536
0.8345,0.3972,0.2906,0.8731,0.5083,0.6799,0.1989,0.3114,0.4878
0.9778,0.8665,0.8251,0.984,0.6372,0.8102,0.2147,0.3551,0.6351
0.8191,0.4424,0.3399,0.9172,0.5504,0.6799,0.1989,0.3114,0.4878
0.7235,0.0065,0.0696,0.7563,0.4633,0.0811,0.0501,0.0088,0.1536
0.9427,0.5829,0.4668,0.9671,0.6989,0.7686,0.2694,0.4742,0.5488
0.8913,0.3158,0.2906,0.8731,0.5083,0.6799,0.1989,0.3114,0.4878
0.7624,0.1536,0.0862,0.7563,0.4633,0.0811,0.0501,0.0088,0.1536
0.8345,0.3972,0.2906,0.8731,0.5083,0.6799,0.1989,0.3114,0.4878
0.9187,0.5829,0.4668,0.9671,0.6989,0.7686,0.2694,0.4742,0.5488
0.8514,0.4673,0.3592,0.9387,0.5872,0.7123,0.2145,0.3367,0.5398
0.7892,0.1857,0.1234,0.7654,0.4987,0.0956,0.0892,0.1283,0.2891
0.9778,0.8665,0.8251,0.984,0.6321,0.811,0.2765,0.4129,0.6351
0.7235,0.0088,0.0696,0.7563,0.4633,0.0811,0.0211,0.0027,0.1536
0.8191,0.4424,0.3399,0.8175,0.5504,0.6799,0.1989,0.3114,0.4878
0.9012,0.5829,0.4668,0.9671,0.6989,0.7686,0.2694,0.4742,0.5488
0.7624,0.3158,0.2648,0.8895,0.4778,0.6245,0.0501,0.0088,0.47
0.8975,0.6351,0.5488,0.9671,0.6989,0.7686,0.2694,0.4742,0.5488
0.68734109737,0.1857,0.1234,0.7654,0.4987,0.0956,0.0892,0.1283,0.2891
0.9456,0.702,0.5829,0.984,0.6321,0.811,0.2765,0.4129,0.6351
0.7987,0.4673,0.3592,0.8175,0.5504,0.7123,0.2145,0.3367,0.5398
0.8345,0.5083,0.3238,0.9306,0.4778,0.6902,0.174,0.3211,0.5194
0.8765,0.6112,0.4213,0.9778,0.6321,0.789,0.2543,0.3895,0.4878
0.7412,0.2648,0.1989,0.8895,0.4778,0.6245,0.0501,0.0088,0.47
0.9123,0.6543,0.4987,0.9671,0.6989,0.7686,0.2694,0.4742,0.5488
0.8514,0.4424,0.3399,0.8175,0.5504,0.6799,0.1989,0.3114,0.4878
0.7235,0.1857,0.1234,0.7654,0.4987,0.0956,0.0892,0.1283,0.2891
0.9778,0.8665,0.3592,0.9306,0.5872,0.7123,0.2145,0.3367,0.5398
0.8191,0.4424,0.3399,0.8175,0.5504,0.6799,0.1989,0.3114,0.4878
0.7892,0.1857,0.1234,0.7654,0.4987,0.0956,0.0892,0.1283,0.2891
0.8417,0.4592,0.3468,0.9215,0.5673,0.6912,0.2015,0.3084,0.4923
0.7389,0.1876,0.0825,0.7654,0.4832,0.0981,0.0497,0.0789,0.2567
0.9778,0.8665,0.8251,0.984,0.6989,0.9099,0.1989,0.3114,0.6351
0.8191,0.4424,0.3399,0.8191,0.5504,0.6799,0.1989,0.3114,0.4878
0.7235,0.0,0.0696,0.7563,0.4633,0.0811,0.0501,0.0088,0.1536
0.9427,0.5829,0.4668,0.9671,0.6989,0.7686,0.174,0.2694,0.5488
0.8912,0.3158,0.2648,0.9306,0.5083,0.6245,0.0497,0.0088,0.47
0.8315,0.4718,0.3238,0.9063,0.5504,0.6902,0.1989,0.3114,0.4878
0.7744,0.5083,0.3399,0.8895,0.5673,0.7686,0.1989,0.3114,0.4878
0.9102,0.8665,0.8251,0.984,0.6989,0.9099,0.1989,0.3114,0.6351
0.7624,0.1876,0.0825,0.7563,0.4633,0.0981,0.0497,0.0789,0.2567
0.8417,0.4592,0.3468,0.8191,0.5504,0.6799,0.1989,0.3114,0.4878
0.9778,0.8665,0.8251,0.984,0.6989,0.9099,0.1989,0.3114,0.6351
0.8191,0.4424,0.3399,0.8191,0.5504,0.6799,0.1989,0.3114,0.4878
0.7389,0.1876,0.0825,0.7563,0.4633,0.0981,0.0497,0.0789,0.2567
0.8912,0.3158,0.2648,0.9306,0.5083,0.6245,0.0497,0.0088,0.47
0.9427,0.5829,0.4668,0.9671,0.6989,0.7686,0.174,0.2694,0.5488
0.8315,0.4718,0.3238,0.9063,0.5504,0.6902,0.1989,0.3114,0.4878
0.7624,0.5083,0.3399,0.8895,0.5673,0.7686,0.174,0.2694,0.5488
0.8417,0.4592,0.3468,0.8191,0.5504,0.6799,0.1989,0.3114,0.4878
0.8512,0.4673,0.3598,0.9357,0.5821,0.7293,0.2115,0.3389,0.4921
0.7689,0.1887,0.1562,0.8931,0.4997,0.0975,0.1459,0.2683,0.2315
0.9778,0.8665,0.8251,0.984,0.6327,0.8111,0.2035,0.3118,0.4289
0.7235,0.0036,0.0696,0.7563,0.4633,0.0811,0.0501,0.0088,0.1536
0.8191,0.4424,0.3399,0.9172,0.5504,0.6799,0.1989,0.3114,0.4878
0.9025,0.5829,0.4668,0.9671,0.6989,0.7686,0.2694,0.4742,0.5488
0.7893,0.3158,0.2648,0.8895,0.4778,0.6245,0.174,0.3211,0.47
0.8956,0.702,0.3238,0.9306,0.5083,0.6902,0.1459,0.2683,0.5194
0.7415,0.0,0.0696,0.7563,0.4633,0.0811,0.0501,0.0088,0.1536
0.9234,0.6351,0.4668,0.9671,0.6989,0.7686,0.2694,0.4742,0.5488
0.8321,0.4718,0.3399,0.9172,0.5504,0.6799,0.1989,0.3114,0.4878
0.9528,0.8665,0.8251,0.984,0.6327,0.8111,0.2035,0.3118,0.4289
0.7763,0.1887,0.1562,0.8931,0.4997,0.0975,0.1459,0.2683,0.2315
0.8054,0.4424,0.3399,0.9172,0.5504,0.6799,0.1989,0.3114,0.4878
0.9382,0.5829,0.4668,0.9671,0.6989,0.7686,0.2694,0.4742,0.5488
0.7391,0.3158,0.2648,0.8895,0.4778,0.6245,0.174,0.3211,0.47
0.8597,0.702,0.3238,0.9306,0.5083,0.6902,0.1459,0.2683,0.5194
0.7629,0.1887,0.1562,0.8931,0.4997,0.0975,0.1459,0.2683,0.2315
0.9113,0.6351,0.4668,0.9671,0.6989,0.7686,0.2694,0.4742,0.5488
0.8236,0.4718,0.3399,0.9172,0.5504,0.6799,0.1989,0.3114,0.4878
0.8413,0.4597,0.3462,0.9215,0.5623,0.6895,0.2017,0.3084,0.4749
0.7389,0.1562,0.0891,0.7654,0.4837,0.0932,0.0498,0.0812,0.1685
0.9778,0.8665,0.8251,0.984,0.6935,0.9099,0.2073,0.3112,0.6351
0.8191,0.4424,0.3399,0.8191,0.5504,0.6799,0.1989,0.3114,0.4878
0.7235,0.0076,0.0696,0.7563,0.4633,0.0811,0.0501,0.0088,0.1536
0.9427,0.5829,0.4668,0.9671,0.6989,0.7686,0.2694,0.4742,0.5488
0.891,0.3158,0.2648,0.8895,0.5083,0.6245,0.174,0.3211,0.47
0.9778,0.6351,0.8251,0.984,0.6935,0.9099,0.2073,0.3112,0.6351
0.8413,0.4597,0.3462,0.8191,0.5623,0.6895,0.2017,0.3084,0.4749
0.7389,0.1562,0.0891,0.7654,0.4837,0.0932,0.0498,0.0812,0.1685
0.9172,0.4424,0.3399,0.9172,0.5504,0.6799,0.1989,0.3114,0.4878
0.8895,0.3158,0.2648,0.8895,0.5083,0.6245,0.174,0.3211,0.47
0.9427,0.5829,0.4668,0.9671,0.6989,0.7686,0.2694,0.4742,0.5488
0.8191,0.4424,0.3399,0.8191,0.5504,0.6799,0.1989,0.3114,0.4878
0.7624,0.3158,0.2648,0.7744,0.4778,0.6245,0.174,0.3211,0.47
0.984,0.6351,0.8251,0.984,0.6935,0.9099,0.2073,0.3112,0.6351
0.891,0.3158,0.2648,0.8895,0.5083,0.6245,0.174,0.3211,0.47
0.8413,0.4597,0.3462,0.8191,0.5623,0.6895,0.2017,0.3084,0.4749
0.7235,0.0076,0.0891,0.7563,0.4633,0.0932,0.0498,0.0812,0.1685
0.9778,0.8665,0.8251,0.984,0.6935,0.9099,0.2073,0.3112,0.6351
0.8537,0.4912,0.3621,0.9512,0.5832,0.7153,0.2145,0.3365,0.5289
0.7389,0.1835,0.0997,0.8674,0.6218,0.0986,0.0531,0.0893,0.2741
0.9778,0.8665,0.8251,0.984,0.702,0.9099,0.2036,0.3157,0.6351
0.8191,0.4424,0.3399,0.9172,0.5504,0.6799,0.1989,0.3114,0.4878
0.7235,0.0067,0.0696,0.7563,0.4633,0.0811,0.0501,0.0088,0.1536
0.9427,0.5829,0.4668,0.9671,0.6989,0.7686,0.174,0.2694,0.5488
0.8912,0.3158,0.2648,0.8895,0.4778,0.6245,0.0531,0.0893,0.47
0.7893,0.2648,0.1989,0.8674,0.5832,0.5383,0.174,0.2694,0.3715
0.8354,0.4912,0.3621,0.9172,0.5504,0.6799,0.1989,0.3114,0.5289
0.9172,0.6799,0.4424,0.9778,0.5832,0.7153,0.2145,0.3365,0.4912
0.8665,0.3827,0.2483,0.9512,0.5383,0.5065,0.174,0.2694,0.3018
0.7744,0.1835,0.0997,0.7563,0.4633,0.0986,0.0501,0.0893,0.2741
0.984,0.8665,0.8251,0.984,0.702,0.9099,0.2036,0.3157,0.6351
0.8191,0.4424,0.3399,0.9172,0.5504,0.6799,0.1989,0.3114,0.4878
0.7389,0.1835,0.0997,0.8674,0.6218,0.0986,0.0531,0.0893,0.2741
0.8912,0.3158,0.2483,0.8895,0.4778,0.5065,0.174,0.2694,0.3018
0.9427,0.5829,0.4668,0.9671,0.6989,0.7686,0.174,0.2694,0.5488
0.8354,0.3827,0.2483,0.8895,0.4778,0.5065,0.174,0.2694,0.3018
0.7893,0.2648,0.1989,0.8674,0.4633,0.5383,0.174,0.2694,0.3715
0.8665,0.4912,0.3621,0.9172,0.5504,0.6799,0.1989,0.3114,0.4878
0.8415,0.4372,0.3629,0.9228,0.5631,0.6893,0.2037,0.3241,0.4987
0.7589,0.1856,0.0819,0.7832,0.4876,0.0989,0.0583,0.0123,0.2143
0.9778,0.8665,0.8251,0.984,0.6989,0.9099,0.2079,0.3517,0.6351
0.8191,0.4424,0.3399,0.8191,0.5504,0.6799,0.1989,0.3114,0.4878
0.7235,0.0068,0.0696,0.7563,0.4633,0.0811,0.0501,0.0088,0.1536
0.9427,0.5829,0.4668,0.9671,0.6989,0.7686,0.2694,0.4742,0.5488
0.8913,0.4718,0.3238,0.9306,0.5083,0.6902,0.174,0.3211,0.5194
0.8376,0.3158,0.2648,0.8895,0.4778,0.6245,0.0501,0.0088,0.47
0.9778,0.8665,0.8251,0.984,0.6989,0.9099,0.2079,0.3517,0.6351
0.7841,0.2648,0.1989,0.7563,0.4633,0.0989,0.0583,0.0123,0.2143
0.8674,0.5829,0.4668,0.9306,0.5083,0.7686,0.2694,0.4742,0.5488
0.9132,0.4424,0.3399,0.8191,0.5504,0.6799,0.1989,0.3114,0.4878
0.7654,0.1856,0.0819,0.7832,0.4876,0.0989,0.0583,0.0123,0.2143
0.8015,0.3158,0.2648,0.8895,0.4778,0.6245,0.0501,0.0088,0.47
0.9379,0.5829,0.4668,0.9306,0.5083,0.7686,0.2694,0.4742,0.5488
0.8415,0.4372,0.3629,0.8191,0.5504,0.6893,0.1989,0.3114,0.4878
0.7235,0.0068,0.0696,0.7563,0.4633,0.0989,0.0583,0.0123,0.2143
0.8913,0.4718,0.3238,0.9306,0.5083,0.6902,0.174,0.3211,0.5194
0.9778,0.8665,0.8251,0.984,0.6989,0.9099,0.2079,0.3517,0.6351
0.8376,0.3158,0.2648,0.8895,0.4778,0.6245,0.0501,0.0088,0.47
0.8765,0.4912,0.3598,0.9321,0.5876,0.7123,0.2154,0.3321,0.5234
0.789,0.2567,0.1876,0.8123,0.4987,0.5432,0.1892,0.2689,0.3876
0.9123,0.6543,0.421,0.9789,0.621,0.889,0.2543,0.3876,0.6668822963250001
0.8345,0.3987,0.291,0.8567,0.5321,0.6654,0.2012,0.291,0.4567
0.7234,0.189,0.1234,0.7654,0.44008800635,0.4567,0.1543,0.221,0.289
0.9567,0.789,0.5123,0.9987,0.6456,0.921,0.2789,0.3567,0.6668822963250001
0.8012,0.421,0.3123,0.8765,0.5123,0.7456,0.2345,0.3012,0.589
0.7432,0.2109,0.1456,0.7789,0.4567,0.389,0.1234,0.189,0.2567
0.9876,0.8654,0.6321,0.9901,0.6543,0.9554301083250001,0.291,0.421,0.6668822963250001
0.8567,0.5321,0.389,0.8901,0.5678,0.789,0.2432,0.3123,0.6668822963250001
0.7654,0.321,0.2012,0.7901,0.44008800635,0.5678,0.1789,0.2543,0.3901
0.921,0.689,0.4567,0.9432,0.5901,0.8123,0.221,0.3789,0.6668822963250001
0.889,0.5012,0.3321,0.9012,0.5789,0.7345,0.2098,0.289,0.6123
0.7098,0.2789,0.1654,0.7345,0.44008800635,0.489,0.1432,0.2109,0.291
0.9654,0.8234,0.5567,0.9876,0.6123,0.9554301083250001,0.289,0.4012,0.6668822963250001
0.8234,0.4654,0.3012,0.8432,0.521,0.6901,0.2189,0.321,0.4987
0.7567,0.3456,0.2234,0.7789,0.4432,0.5123,0.1654,0.2432,0.3789
0.9012,0.6321,0.4012,0.921,0.5567,0.8012,0.2345,0.3567,0.6543
0.8456,0.5123,0.3678,0.8654,0.5321,0.7654,0.2098,0.2789,0.589
0.7345,0.291,0.189,0.7567,0.44008800635,0.4789,0.1321,0.2012,0.321
0.8547,0.4612,0.3521,0.9315,0.5789,0.6944,0.2055,0.3071,0.4913
0.7892,0.2356,0.1287,0.7641,0.4919,0.1538,0.0823,0.1674,0.1897
0.9115,0.5829,0.4036,0.9778,0.5451,0.8251,0.2312,0.4769,0.6351
0.8823,0.3987,0.2844,0.894,0.5112,0.3799,0.1689,0.2496,0.5194
0.7235,0.182,0.0696,0.7563,0.4633,0.111,0.0498,0.0852,0.3158
0.9778,0.6351,0.4668,0.984,0.6989,0.7686,0.2694,0.4742,0.5488
0.831,0.4124,0.3114,0.8895,0.5083,0.4718,0.174,0.2611,0.47
0.9191,0.5504,0.3399,0.9306,0.5504,0.6799,0.1989,0.3114,0.4878
0.7624,0.3158,0.1989,0.7744,0.4778,0.0811,0.0501,0.0888,0.1536
0.894,0.4424,0.2714,0.9172,0.5133,0.6424,0.2055,0.3071,0.4913
0.8191,0.4612,0.3521,0.8191,0.5504,0.6944,0.2055,0.3071,0.4913
0.9315,0.5829,0.4036,0.9778,0.5451,0.8251,0.2312,0.4769,0.6351
0.7892,0.2356,0.1287,0.7641,0.4919,0.1538,0.0823,0.1674,0.1897
0.8547,0.4612,0.3521,0.9315,0.5789,0.6944,0.2055,0.3071,0.4913
0.9115,0.5829,0.4036,0.9778,0.5451,0.8251,0.2312,0.4769,0.6351
0.831,0.4124,0.2714,0.8895,0.5083,0.4718,0.174,0.2611,0.47
0.7624,0.3158,0.1989,0.7744,0.4778,0.6245,0.2648,0.4769,0.4878
0.894,0.4424,0.2714,0.9172,0.5133,0.6424,0.2055,0.3071,0.4913
0.8191,0.4612,0.3521,0.8191,0.5504,0.6944,0.2055,0.3071,0.4913
0.8457,0.4612,0.3529,0.9211,0.5632,0.7188,0.2049,0.3058,0.4911
0.7683,0.1885,0.2313,0.8967,0.4957,0.6312,0.1838,0.2987,0.4283
0.9115,0.6554,0.4781,0.9778,0.5823,0.8833,0.2216,0.3482,0.6668822963250001
0.8812,0.3399,0.2965,0.944,0.5378,0.5716,0.1765,0.2554,0.4629
0.7358,0.0876,0.1512,0.7892,0.44008800635,0.2589,0.0993,0.1688,0.2789
0.9778,0.8665,0.8251,0.984,0.5998,0.9099,0.2134,0.3376,0.6668822963250001
0.8524,0.4912,0.3816,0.9076,0.5155,0.7522,0.2087,0.3247,0.6351
0.7917,0.2234,0.2648,0.8543,0.476,0.4194,0.1529,0.2381,0.3158
0.944,0.702,0.6989,0.9671,0.5853,0.8477,0.2094,0.3123,0.6668822963250001
0.6893,0.1173,0.1187,0.7235,0.44008800635,0.1869,0.0835,0.1448,0.2
0.8191,0.4424,0.3399,0.891,0.5064,0.6799,0.1989,0.3114,0.4878
0.9211,0.5829,0.4668,0.9778,0.5823,0.7686,0.2216,0.3482,0.6668822963250001
0.7744,0.3158,0.2648,0.8895,0.4778,0.6245,0.1838,0.2987,0.4283
0.8967,0.6554,0.4781,0.984,0.5998,0.9099,0.2134,0.3376,0.6668822963250001
0.8524,0.4912,0.3816,0.9076,0.5155,0.7522,0.2087,0.3247,0.6351
0.9115,0.702,0.6989,0.9778,0.5823,0.8477,0.2094,0.3123,0.6668822963250001
0.7683,0.1885,0.2313,0.8543,0.476,0.4194,0.1529,0.2381,0.3158
0.8812,0.4424,0.3399,0.891,0.5064,0.6799,0.1989,0.3114,0.4878
0.7358,0.2234,0.2648,0.7235,0.44008800635,0.1869,0.0835,0.1448,0.2
0.9778,0.8665,0.8251,0.984,0.5998,0.9099,0.2134,0.3376,0.6668822963250001
0.8715,0.4631,0.3529,0.9538,0.5872,0.7185,0.2146,0.3389,0.4993
0.7362,0.1589,0.0812,0.7789,0.4921,0.0935,0.0694,0.0786,0.2314
0.9123,0.5829,0.3911,0.9778,0.6408,0.6673,0.2053,0.3051,0.5279
0.8456,0.3211,0.2874,0.894,0.5127,0.5431,0.1867,0.2583,0.3956
0.7689,0.0865,0.0696,0.7235,0.44008800635,0.0811,0.0521,0.0609,0.1632
0.9778,0.8665,0.8251,0.984,0.702,0.9099,0.2396,0.3512,0.6351
0.8191,0.4424,0.3399,0.8191,0.5504,0.6799,0.1989,0.3114,0.4878
0.7235,0.1158,0.0769,0.7563,0.4633,0.0811,0.0501,0.0694,0.1536
0.9099,0.5829,0.3911,0.9306,0.5872,0.6673,0.2053,0.3051,0.5279
0.8456,0.3211,0.2874,0.894,0.5127,0.5431,0.1867,0.2583,0.3956
0.9778,0.8665,0.8251,0.984,0.702,0.9099,0.2396,0.3512,0.6351
0.8191,0.4424,0.3399,0.8191,0.5504,0.6799,0.1989,0.3114,0.4878
0.7689,0.1158,0.0769,0.7235,0.44008800635,0.0811,0.0521,0.0609,0.1536
0.9123,0.5829,0.3911,0.9306,0.5872,0.6673,0.2053,0.3051,0.5279
0.8456,0.3211,0.2874,0.894,0.5127,0.5431,0.1867,0.2583,0.3956
0.7362,0.0865,0.0696,0.7563,0.4633,0.0811,0.0521,0.0609,0.1536
0.9778,0.8665,0.8251,0.984,0.702,0.9099,0.2396,0.3512,0.6351
0.8191,0.4424,0.3399,0.8191,0.5504,0.6799,0.1989,0.3114,0.4878
0.7235,0.1158,0.0769,0.7563,0.4633,0.0811,0.0521,0.0609,0.1536
0.9099,0.5829,0.3911,0.9306,0.5872,0.6673,0.2053,0.3051,0.5279
0.8547,0.4693,0.3521,0.9315,0.5872,0.7189,0.2145,0.3361,0.5238
0.7389,0.1857,0.1483,0.7654,0.4923,0.0981,0.0892,0.0493,0.2576
0.9778,0.8665,0.8251,0.984,0.6355,0.7686,0.2694,0.4742,0.6351
0.8191,0.4424,0.3399,0.8191,0.5504,0.6799,0.1989,0.3114,0.4878
0.7235,0.0,0.0696,0.7563,0.4633,0.0811,0.0501,0.0088,0.1536
0.9427,0.5829,0.4668,0.9671,0.6989,0.7686,0.2694,0.4742,0.5488
0.8912,0.3158,0.2648,0.9306,0.5083,0.6245,0.174,0.3211,0.47
0.9778,0.6351,0.5488,0.984,0.6355,0.7686,0.2694,0.4742,0.6351
0.7744,0.4718,0.3238,0.9306,0.5083,0.6902,0.174,0.3211,0.5194
0.8191,0.4424,0.3399,0.8191,0.5504,0.6799,0.1989,0.3114,0.4878
0.9012,0.5504,0.4067,0.8895,0.5872,0.7189,0.2145,0.3361,0.47
0.7624,0.3158,0.2648,0.7624,0.4778,0.6245,0.174,0.3211,0.47
0.8547,0.4693,0.3521,0.8191,0.5504,0.7189,0.1989,0.3114,0.4878
0.984,0.8665,0.8251,0.9778,0.6355,0.7686,0.2694,0.4742,0.6351
0.7389,0.1857,0.1483,0.7563,0.4633,0.0981,0.0501,0.0088,0.1536
0.8912,0.3158,0.2648,0.9306,0.5083,0.6902,0.174,0.3211,0.5194
0.8547,0.4693,0.3521,0.8191,0.5504,0.7189,0.1989,0.3114,0.4878
0.9427,0.5829,0.4668,0.9671,0.6989,0.7686,0.2694,0.4742,0.5488
0.7235,0.0,0.0696,0.7563,0.4633,0.0811,0.0501,0.0088,0.1536
0.8191,0.4424,0.3399,0.8191,0.5504,0.6799,0.1989,0.3114,0.4878
0.8512,0.4673,0.3529,0.9387,0.5761,0.7152,0.2047,0.3093,0.4985
0.7365,0.1892,0.0981,0.7721,0.4913,0.0953,0.0496,0.0883,0.2789
0.9118,0.5829,0.4687,0.9778,0.5328,0.6831,0.2009,0.3145,0.4718
0.8895,0.4216,0.3399,0.9274,0.5055,0.6584,0.1935,0.2852,0.4878
0.7624,0.0086,0.0696,0.7563,0.4633,0.0811,0.0255,0.0394,0.1536
0.9778,0.8665,0.8251,0.984,0.5593,0.9099,0.2694,0.4742,0.6351
0.8191,0.3399,0.3399,0.8191,0.5265,0.6799,0.1989,0.3114,0.4878
0.7235,0.2648,0.2648,0.7624,0.4778,0.0811,0.0501,0.0883,0.2789
0.9406,0.5504,0.4127,0.9306,0.5184,0.6245,0.174,0.2694,0.47
0.8913,0.4718,0.3529,0.9172,0.5069,0.6902,0.2047,0.3093,0.4985
0.7744,0.1989,0.1224,0.7563,0.4633,0.0953,0.0496,0.0883,0.2789
0.984,0.8665,0.8251,0.984,0.5593,0.9099,0.2694,0.4742,0.6351
0.8191,0.3399,0.3399,0.8191,0.5265,0.6799,0.1989,0.3114,0.4878
0.7624,0.2648,0.2648,0.7624,0.4778,0.0811,0.0501,0.0883,0.2789
0.9406,0.5504,0.4127,0.9306,0.5184,0.6245,0.174,0.2694,0.47
0.8913,0.4718,0.3529,0.9172,0.5069,0.6902,0.2047,0.3093,0.4985
0.7365,0.1892,0.0981,0.7624,0.4633,0.0953,0.0496,0.0883,0.2789
0.8191,0.3399,0.3399,0.8191,0.5265,0.6799,0.1989,0.3114,0.4878
0.7235,0.0086,0.0696,0.7624,0.4633,0.0811,0.0501,0.0883,0.2789
0.9778,0.8665,0.8251,0.984,0.5593,0.9099,0.2694,0.4742,0.6351
0.8415,0.4376,0.3429,0.9212,0.5638,0.6854,0.2012,0.3075,0.4923
0.7389,0.1892,0.0811,0.7654,0.4872,0.0937,0.0521,0.0089,0.2156
0.9778,0.8665,0.8251,0.984,0.6935,0.9099,0.1989,0.3114,0.6351
0.8191,0.4424,0.3399,0.8191,0.5504,0.6799,0.1989,0.3114,0.4878
0.7235,0.0,0.0696,0.7563,0.4633,0.0811,0.0501,0.0088,0.1536
0.9427,0.5829,0.4668,0.9671,0.6989,0.7686,0.174,0.3211,0.5488
0.8912,0.4718,0.3238,0.9306,0.5083,0.6902,0.1989,0.3114,0.5194
0.7744,0.1536,0.0811,0.7744,0.4778,0.0937,0.0521,0.0089,0.2156
0.8415,0.3158,0.2648,0.8895,0.5638,0.6245,0.0521,0.0089,0.47
0.9172,0.8665,0.8251,0.9306,0.5638,0.6799,0.1989,0.3114,0.6351
0.7624,0.0,0.0696,0.7563,0.4633,0.0811,0.0521,0.0089,0.1536
0.8895,0.4718,0.3238,0.9306,0.5083,0.6902,0.1989,0.3114,0.5194
0.7389,0.1892,0.0811,0.7654,0.4872,0.0937,0.0521,0.0089,0.2156
0.9778,0.8665,0.8251,0.984,0.6935,0.9099,0.1989,0.3114,0.6351
0.7235,0.0,0.0696,0.7563,0.4633,0.0811,0.0521,0.0089,0.1536
0.8415,0.4376,0.3429,0.8191,0.5504,0.6854,0.2012,0.3075,0.4923
0.9172,0.8665,0.8251,0.9306,0.5638,0.6799,0.1989,0.3114,0.6351
0.7744,0.1536,0.0811,0.7744,0.4778,0.0937,0.0521,0.0089,0.2156
0.8912,0.4718,0.3238,0.9306,0.5083,0.6902,0.1989,0.3114,0.5194
0.7624,0.0,0.0696,0.7563,0.4633,0.0811,0.0521,0.0089,0.1536
0.8547,0.4631,0.3529,0.9315,0.5782,0.7123,0.2154,0.3386,0.4912
0.7892,0.1857,0.0896,0.7654,0.4931,0.0921,0.0487,0.0763,0.2583
0.9123,0.8665,0.8251,0.984,0.6054,0.811,0.2317,0.3475,0.6351
0.8975,0.5829,0.4668,0.9671,0.5839,0.7686,0.2037,0.3114,0.5488
0.7235,0.0,0.0696,0.7563,0.4633,0.0811,0.0234,0.0088,0.1536
0.8321,0.4718,0.3238,0.9306,0.5083,0.6902,0.1989,0.3211,0.5194
0.9778,0.8665,0.8251,0.984,0.6054,0.811,0.2317,0.3475,0.6351
0.9123,0.5829,0.4668,0.9671,0.5839,0.7686,0.2037,0.3114,0.5488
0.8547,0.4631,0.3529,0.9315,0.5782,0.7123,0.2154,0.3386,0.4912
0.7892,0.1857,0.0896,0.7654,0.4931,0.0921,0.0487,0.0763,0.2583
0.9456,0.702,0.5083,0.9306,0.5194,0.6902,0.1989,0.3211,0.5194
0.8191,0.4424,0.3399,0.8895,0.4778,0.6799,0.2037,0.3114,0.4878
0.9778,0.8665,0.8251,0.984,0.6054,0.811,0.2317,0.3475,0.6351
0.9123,0.5829,0.4668,0.9671,0.5839,0.7686,0.2037,0.3114,0.5488
0.8975,0.5829,0.4668,0.9671,0.5839,0.7686,0.2037,0.3114,0.5488
0.9456,0.702,0.5083,0.9306,0.5194,0.6902,0.2037,0.3114,0.5194
0.8321,0.4718,0.3238,0.9306,0.5083,0.6902,0.2037,0.3114,0.5194
0.7892,0.1857,0.0896,0.7654,0.4931,0.0921,0.0487,0.0763,0.2583
0.8191,0.4424,0.3399,0.8895,0.4778,0.6799,0.2037,0.3114,0.4878
0.9778,0.8665,0.8251,0.984,0.6054,0.811,0.2317,0.3475,0.6351
0.8517,0.4693,0.3523,0.9439,0.5872,0.6918,0.2054,0.3081,0.4912
0.7362,0.1587,0.0896,0.7748,0.4917,0.0932,0.0589,0.0086,0.2315
0.9778,0.8665,0.8251,0.984,0.6989,0.9099,0.174,0.3211,0.6351
0.8191,0.4424,0.3399,0.9172,0.5504,0.6799,0.1989,0.3114,0.4878
0.7235,0.0068,0.0696,0.7563,0.4633,0.0811,0.0501,0.0088,0.1536
0.9099,0.5829,0.4668,0.9671,0.6989,0.7686,0.2694,0.4742,0.5488
0.891,0.3158,0.2648,0.8895,0.4778,0.6245,0.174,0.3211,0.47
0.9778,0.7563,0.8251,0.984,0.6989,0.9099,0.174,0.3211,0.6351
0.8517,0.4693,0.3523,0.9439,0.5872,0.6918,0.2054,0.3081,0.4912
0.7362,0.1587,0.0896,0.7748,0.4917,0.0932,0.0589,0.0086,0.2315
0.9439,0.6351,0.702,0.984,0.6989,0.9099,0.174,0.3211,0.6351
0.8191,0.4424,0.3399,0.9172,0.5504,0.6799,0.1989,0.3114,0.4878
0.7235,0.0068,0.0696,0.7563,0.4633,0.0811,0.0501,0.0088,0.1536
0.9778,0.8665,0.8251,0.984,0.6989,0.9099,0.174,0.3211,0.6351
0.891,0.3158,0.2648,0.8895,0.4778,0.6245,0.174,0.3211,0.47
0.8191,0.4424,0.3399,0.9172,0.5504,0.6799,0.1989,0.3114,0.4878
0.7362,0.1587,0.0896,0.7748,0.4917,0.0932,0.0589,0.0086,0.2315
0.9439,0.6351,0.702,0.984,0.6989,0.9099,0.174,0.3211,0.6351
0.8517,0.4693,0.3523,0.9439,0.5872,0.6918,0.2054,0.3081,0.4912
0.7235,0.0068,0.0696,0.7563,0.4633,0.0811,0.0501,0.0088,0.1536
0.8547,0.4631,0.3529,0.9315,0.5872,0.6952,0.2048,0.3052,0.4912
0.7892,0.1856,0.1234,0.8015,0.5231,0.7599,0.1856,0.2874,0.3518
0.9123,0.8665,0.8251,0.984,0.6375,0.0811,0.0501,0.0088,0.1536
0.7235,0.0,0.0696,0.7563,0.4633,0.9099,0.174,0.3211,0.3158
0.8895,0.5829,0.4668,0.9671,0.6989,0.7686,0.2694,0.4742,0.5488
0.9778,0.4718,0.3399,0.9306,0.5504,0.6799,0.1989,0.3114,0.4878
0.7624,0.3158,0.2648,0.8895,0.4778,0.6245,0.0501,0.0088,0.47
0.8191,0.4424,0.3399,0.8191,0.5504,0.6799,0.1989,0.3114,0.4878
0.9245,0.6351,0.4878,0.984,0.5872,0.7599,0.1856,0.2874,0.6351
0.7407,0.1536,0.0696,0.7563,0.4633,0.8251,0.2048,0.3052,0.1536
0.8975,0.5829,0.4668,0.9306,0.5872,0.7686,0.2694,0.4742,0.5488
0.68734109737,0.3158,0.2648,0.8895,0.4778,0.6245,0.0501,0.0088,0.47
0.9012,0.4718,0.3399,0.9306,0.5504,0.6799,0.1989,0.3114,0.4878
0.8251,0.6351,0.4878,0.984,0.5872,0.7599,0.1856,0.2874,0.6351
0.7744,0.0,0.0696,0.7563,0.4633,0.9099,0.174,0.3211,0.1536
0.8547,0.4424,0.3399,0.8191,0.5504,0.6799,0.1989,0.3114,0.4878
0.9123,0.5829,0.4668,0.9306,0.5872,0.7686,0.2694,0.4742,0.5488
0.7235,0.1856,0.1234,0.8015,0.5231,0.7599,0.1856,0.2874,0.3518
0.8895,0.8665,0.8251,0.984,0.6375,0.6952,0.2048,0.3052,0.4912
0.9778,0.4718,0.3399,0.9306,0.5504,0.6799,0.1989,0.3114,0.4878
0.8567,0.4921,0.3612,0.9384,0.5873,0.7154,0.2123,0.3267,0.4639
0.7832,0.2589,0.1234,0.7654,0.4912,0.0987,0.0789,0.0345,0.1876
0.9211,0.6351,0.4487,0.984,0.6015,0.6823,0.2054,0.3789,0.5123
0.7345,0.1123,0.0696,0.7563,0.4832,0.0811,0.0456,0.0123,0.2345
0.8976,0.5567,0.3891,0.9671,0.5642,0.7686,0.2012,0.3345,0.4987
0.68734109737,0.2897,0.1876,0.7184889857249999,0.44008800635,0.1234,0.0987,0.0567,0.3456
0.9512,0.789,0.5123,0.984,0.6123,0.9099,0.2234,0.4567,0.6234
0.819,0.4424,0.3399,0.8191,0.5504,0.6799,0.2012,0.3345,0.4878
0.7012,0.1567,0.0987,0.7563,0.4712,0.0811,0.0456,0.0123,0.2345
0.9778,0.8665,0.8251,0.984,0.6015,0.9099,0.2234,0.4567,0.6234
0.8912,0.5678,0.3987,0.9671,0.5743,0.7686,0.2012,0.3345,0.4987
0.7235,0.1234,0.0696,0.7563,0.4832,0.0811,0.0456,0.0123,0.2345
0.9456,0.7098,0.4789,0.984,0.5912,0.8123,0.2123,0.3789,0.5345
0.689,0.3213,0.1987,0.7184889857249999,0.44008800635,0.1234,0.0987,0.0567,0.3456
0.8765,0.4987,0.3123,0.9384,0.5432,0.689,0.2054,0.3345,0.4639
0.7543,0.2134,0.1234,0.7654,0.4912,0.0987,0.0456,0.0123,0.2345
0.9123,0.6789,0.4321,0.984,0.5873,0.7154,0.2012,0.3345,0.5123
0.8321,0.4678,0.2987,0.8191,0.5321,0.6799,0.2012,0.3345,0.4878
0.789,0.3456,0.1876,0.7563,0.4712,0.1234,0.0987,0.0567,0.3456
0.9678,0.8213,0.5567,0.984,0.5912,0.8123,0.2054,0.3345,0.5345
0.8714,0.5392,0.3632,0.9487,0.5873,0.7158,0.2115,0.3638,0.4935
0.7389,0.1887,0.0825,0.7654,0.4921,0.0932,0.0489,0.0877,0.2567
0.9112,0.6655,0.4311,0.982,0.5637,0.6899,0.2054,0.311,0.4723
0.8356,0.4123,0.3099,0.8991,0.5347,0.6511,0.1832,0.2793,0.3872
0.7845,0.2591,0.1696,0.7563,0.5112,0.1288,0.0412,0.0693,0.1789
0.9578,0.8665,0.8251,0.9778,0.5934,0.9099,0.2361,0.4212,0.6351
0.6923,0.1289,0.0696,0.7563,0.4778,0.0811,0.0271,0.0395,0.1536
0.8015,0.4718,0.3238,0.8895,0.5083,0.6902,0.2014,0.3211,0.5194
0.7654,0.3829,0.2648,0.8895,0.4778,0.7686,0.231,0.3838,0.47
0.9234,0.5829,0.4668,0.9671,0.5476,0.7686,0.2283,0.3634,0.5488
0.8912,0.3158,0.2648,0.874,0.4953,0.0811,0.0323,0.0462,0.1789
0.7195,0.0,0.0696,0.7235,0.4847,0.0811,0.0215,0.0236,0.1536
0.9778,0.8665,0.8251,0.984,0.5934,0.9099,0.2361,0.4212,0.6351
0.8356,0.4123,0.3099,0.8991,0.5347,0.6511,0.1832,0.2793,0.3872
0.68734109737,0.2222,0.1357,0.7563,0.4921,0.1288,0.0412,0.0693,0.2567
0.9112,0.6655,0.4311,0.982,0.5873,0.6899,0.2054,0.311,0.4723
0.7845,0.4718,0.3238,0.8895,0.5083,0.6902,0.231,0.3838,0.5194
0.8015,0.4123,0.3099,0.8991,0.5347,0.6511,0.1832,0.2793,0.3872
0.7654,0.3829,0.2648,0.8895,0.4778,0.7686,0.2283,0.3634,0.47
0.9578,0.8665,0.8251,0.9778,0.5934,0.9099,0.2361,0.4212,0.6351
0.8547,0.4612,0.3592,0.9315,0.5831,0.7056,0.2114,0.3388,0.4932
0.7823,0.1587,0.1234,0.8675,0.5198,0.0954,0.1567,0.2953,0.2345
0.9778,0.8665,0.8251,0.984,0.6989,0.811,0.2345,0.4742,0.6351
0.7235,0.0088,0.0696,0.7563,0.4778,0.0811,0.0501,0.0088,0.1536
0.8191,0.4424,0.3399,0.9172,0.5504,0.6799,0.1989,0.3114,0.4878
0.9012,0.5829,0.4668,0.9671,0.6989,0.7686,0.2694,0.4742,0.5488
0.7624,0.3158,0.2648,0.8895,0.4778,0.6245,0.0501,0.0088,0.47
0.8943,0.6212,0.3998,0.9306,0.5083,0.6902,0.174,0.3211,0.5194
0.8356,0.4912,0.3879,0.8675,0.5198,0.7056,0.2114,0.3388,0.4932
0.7412,0.0954,0.0811,0.7563,0.4778,0.0954,0.1567,0.2953,0.2345
0.9543,0.8665,0.8251,0.984,0.6989,0.811,0.2345,0.4742,0.6351
0.8098,0.4212,0.3158,0.9172,0.5504,0.6799,0.1989,0.3114,0.4878
0.7789,0.182,0.1357,0.8675,0.5198,0.4424,0.2114,0.3388,0.4932
0.9213,0.5829,0.4668,0.9671,0.6989,0.7686,0.2694,0.4742,0.5488
0.7345,0.3158,0.2648,0.8895,0.4778,0.6245,0.0501,0.0088,0.47
0.8547,0.4612,0.3592,0.9315,0.5831,0.7056,0.2114,0.3388,0.4932
0.8234,0.5,0.37,0.894,0.5351,0.6888,0.209,0.327,0.5045
0.9172,0.5829,0.4668,0.9671,0.6989,0.7686,0.2694,0.4742,0.5488
0.7823,0.1587,0.1234,0.8675,0.5198,0.4424,0.2114,0.3388,0.4932
0.8943,0.6212,0.3998,0.9306,0.5083,0.6902,0.174,0.3211,0.5194
0.8514,0.4763,0.3529,0.9231,0.5827,0.7183,0.2112,0.3346,0.5239
0.7368,0.1892,0.1837,0.7745,0.4995,0.0963,0.0828,0.1683,0.2784
0.9778,0.8665,0.8251,0.984,0.6392,0.8732,0.2779,0.5119,0.6351
0.8191,0.4424,0.3399,0.8191,0.5504,0.6799,0.1989,0.3114,0.4878
0.7235,0.0088,0.0696,0.7563,0.4778,0.0811,0.0501,0.0088,0.1536
0.9427,0.5829,0.4668,0.9671,0.6989,0.7686,0.2694,0.4742,0.5488
0.8912,0.3158,0.2648,0.8895,0.5083,0.6245,0.174,0.3211,0.47
0.8359,0.2648,0.2338,0.8741,0.5277,0.5969,0.2164,0.3838,0.3616
0.7845,0.1892,0.1837,0.7745,0.5065,0.4889,0.1823,0.2949,0.2784
0.9172,0.4424,0.3399,0.9172,0.5504,0.6799,0.1989,0.3114,0.4878
0.7624,0.3158,0.2648,0.7624,0.4995,0.6245,0.174,0.3211,0.47
0.8779,0.5829,0.4668,0.8912,0.5277,0.7686,0.2694,0.4742,0.5488
0.9013,0.6351,0.8251,0.9778,0.6392,0.8732,0.2779,0.5119,0.6351
0.7488,0.1892,0.1837,0.7563,0.5065,0.4889,0.1823,0.2949,0.2784
0.8587,0.4763,0.3529,0.8191,0.5504,0.7183,0.1989,0.3114,0.4878
0.6894,0.0088,0.0696,0.7563,0.4995,0.0811,0.0501,0.0088,0.1536
0.9231,0.5829,0.4668,0.9671,0.6989,0.7686,0.2694,0.4742,0.5488
0.8314,0.3158,0.2648,0.8741,0.5277,0.6245,0.174,0.3211,0.47
0.8912,0.5829,0.4668,0.8912,0.5277,0.7686,0.2694,0.4742,0.5488
0.7845,0.3158,0.2648,0.7745,0.5065,0.6245,0.174,0.3211,0.47
0.8547,0.4912,0.3615,0.9321,0.5872,0.7153,0.2145,0.3376,0.5293
0.7892,0.2158,0.1247,0.8675,0.4931,0.0988,0.0876,0.0223,0.1856
0.9114,0.5829,0.4783,0.9778,0.6189,0.6611,0.2055,0.3049,0.6668822963250001
0.8356,0.3582,0.2399,0.8941,0.5207,0.3822,0.1636,0.2783,0.4194
0.7521,0.1567,0.0896,0.7734,0.44008800635,0.1145,0.0458,0.0961,0.2475
0.8973,0.4638,0.3817,0.9529,0.5643,0.5318,0.1993,0.3157,0.6214
0.7289,0.2873,0.1798,0.7563,0.44008800635,0.2354,0.1127,0.1893,0.3629
0.9387,0.6542,0.5121,0.984,0.6339,0.7899,0.2622,0.4511,0.6668822963250001
0.8112,0.3975,0.2756,0.8339,0.5048,0.4176,0.1838,0.2968,0.5537
0.7954,0.2589,0.1467,0.7709,0.44008800635,0.1621,0.0815,0.1359,0.2734
0.8743,0.4361,0.3188,0.9054,0.5325,0.5784,0.2097,0.3265,0.6668822963250001
0.6892,0.1847,0.0934,0.7184889857249999,0.44008800635,0.1362,0.0582,0.1146,0.1963
0.9617,0.7256,0.5892,0.984,0.6533,0.8199,0.2417,0.3887,0.6668822963250001
0.8055,0.4023,0.2916,0.874,0.4839,0.4531,0.1938,0.2946,0.5743
0.7431,0.2345,0.1289,0.7365,0.44008800635,0.1899,0.0954,0.1482,0.2187
0.9236,0.5591,0.4154,0.9478,0.5452,0.6312,0.2075,0.3099,0.6668822963250001
0.8492,0.4194,0.2711,0.8823,0.5126,0.4855,0.1993,0.3127,0.5398
0.7698,0.3048,0.1663,0.7422,0.44008800635,0.2093,0.0913,0.1386,0.2553
0.9014,0.5276,0.3998,0.9671,0.5563,0.5942,0.2195,0.3388,0.6668822963250001
0.6953,0.2711,0.1407,0.7184889857249999,0.44008800635,0.1547,0.0729,0.1263,0.2314
0.8431,0.4567,0.3521,0.9215,0.5678,0.6944,0.2012,0.3054,0.4987
0.7892,0.2345,0.1234,0.8567,0.4876,0.1234,0.089,0.1567,0.2109
0.9123,0.6789,0.4567,0.9543,0.5987,0.7654,0.2234,0.2987,0.5123
0.8012,0.3456,0.2109,0.8765,0.5234,0.2345,0.1123,0.1987,0.3678
0.7234,0.1234,0.089,0.7567,0.4567,0.0987,0.0345,0.0789,0.1567
0.889,0.5678,0.389,0.9321,0.6123,0.6543,0.2109,0.289,0.4789
0.9778,0.8665,0.8251,0.984,0.702,0.9099,0.321,0.4789,0.6351
0.68734109737,0.289,0.1567,0.789,0.44008800635,0.189,0.0987,0.1654,0.2345
0.7432,0.3789,0.2567,0.7654,0.4789,0.2789,0.1321,0.2234,0.3123
0.8191,0.4424,0.3399,0.891,0.5504,0.6799,0.2012,0.3114,0.4878
0.9215,0.789,0.6789,0.9543,0.6078,0.7654,0.2234,0.2987,0.5123
0.689,0.2234,0.1123,0.7234,0.4678,0.089,0.0345,0.0789,0.1567
0.8432,0.5678,0.3901,0.9214,0.5789,0.6944,0.2013,0.3055,0.4988
0.7789,0.3456,0.2108,0.8566,0.4877,0.2345,0.1123,0.1986,0.3677
0.9123,0.6789,0.4567,0.9543,0.5987,0.7654,0.2234,0.2987,0.5123
0.68734109737,0.289,0.1567,0.789,0.44008800635,0.189,0.0987,0.1654,0.3123
0.7432,0.3789,0.2567,0.7654,0.4789,0.2789,0.1321,0.2234,0.3123
0.8191,0.4424,0.3399,0.891,0.5504,0.6799,0.2012,0.3114,0.4878
0.9778,0.8665,0.8251,0.984,0.702,0.9099,0.321,0.4789,0.6351
0.8431,0.4567,0.3521,0.9215,0.5678,0.6944,0.2012,0.3054,0.4987
0.8415,0.4389,0.3462,0.9207,0.5631,0.6912,0.2028,0.3084,0.4789
0.7528,0.1856,0.0851,0.7832,0.4993,0.0922,0.0687,0.1547,0.2315
0.9778,0.8665,0.8251,0.984,0.6375,0.9099,0.2113,0.3011,0.6351
0.8191,0.4424,0.3399,0.8191,0.5504,0.6799,0.1989,0.3114,0.4878
0.7235,0.0,0.0696,0.7563,0.4633,0.0811,0.0501,0.0088,0.1536
0.9427,0.5829,0.4668,0.9671,0.6989,0.7686,0.2694,0.4742,0.5488
0.8915,0.3158,0.2648,0.8895,0.5083,0.6245,0.174,0.3211,0.47
0.984,0.6351,0.8251,0.984,0.6375,0.9099,0.2113,0.3011,0.6351
0.7744,0.4718,0.3238,0.9306,0.5083,0.6902,0.174,0.3211,0.47
0.8593,0.2315,0.165,0.8895,0.5083,0.7686,0.2694,0.4742,0.47
0.9103,0.5829,0.4668,0.9172,0.5504,0.6799,0.1989,0.3114,0.4878
0.8251,0.3399,0.3462,0.8191,0.5504,0.6799,0.1989,0.3114,0.4878
0.7624,0.1856,0.0851,0.7563,0.4633,0.0922,0.0687,0.1547,0.2315
0.9778,0.8665,0.8251,0.984,0.6375,0.9099,0.2113,0.3011,0.6351
0.8415,0.4389,0.3462,0.8191,0.5504,0.6912,0.1989,0.3114,0.4878
0.8915,0.3158,0.2648,0.8895,0.5083,0.6902,0.174,0.3211,0.47
0.7235,0.0,0.0696,0.7563,0.4633,0.0811,0.0501,0.0088,0.1536
0.9427,0.5829,0.4668,0.9306,0.5083,0.6902,0.174,0.3211,0.47
0.8593,0.2315,0.165,0.8895,0.5083,0.7686,0.2694,0.4742,0.47
0.8251,0.3399,0.3462,0.8191,0.5504,0.6799,0.1989,0.3114,0.4878
0.8567,0.4912,0.3654,0.9312,0.5872,0.7188,0.2115,0.3346,0.5239
0.7389,0.1875,0.1234,0.7654,0.4987,0.0987,0.0892,0.1567,0.3543
0.9778,0.8665,0.8251,0.984,0.6345,0.9099,0.2765,0.5123,0.6351
0.8191,0.4424,0.3399,0.8191,0.5504,0.6799,0.2012,0.3114,0.4878
0.7235,0.0009,0.0696,0.7563,0.4633,0.0811,0.0501,0.0088,0.1536
0.9456,0.7189,0.5829,0.9671,0.6989,0.7686,0.2694,0.4742,0.5488
0.8912,0.5829,0.4668,0.9306,0.5083,0.6902,0.174,0.3211,0.5194
0.789,0.3158,0.2648,0.8895,0.4778,0.6245,0.0501,0.0088,0.3158
0.9123,0.6351,0.4878,0.9671,0.5872,0.9099,0.2765,0.5123,0.6351
0.8345,0.4912,0.3654,0.8191,0.5504,0.7188,0.2012,0.3114,0.4878
0.68734109737,0.1875,0.1234,0.7654,0.4987,0.0987,0.0892,0.1567,0.3543
0.984,0.8665,0.8251,0.984,0.6345,0.9099,0.2765,0.5123,0.6351
0.8012,0.4424,0.3399,0.8191,0.5504,0.6799,0.2012,0.3114,0.4878
0.7456,0.1875,0.1234,0.7654,0.4987,0.0987,0.0892,0.1567,0.3543
0.9234,0.5829,0.4668,0.9306,0.5083,0.6902,0.174,0.3211,0.5194
0.8765,0.5829,0.4668,0.9306,0.5083,0.6902,0.174,0.3211,0.5194
0.7789,0.3158,0.2648,0.8895,0.4778,0.6245,0.0501,0.0088,0.3158
0.9012,0.6351,0.4878,0.9671,0.6989,0.7686,0.2694,0.4742,0.5488
0.8567,0.4912,0.3654,0.8191,0.5504,0.7188,0.2012,0.3114,0.4878
0.7912,0.3158,0.2648,0.8895,0.4778,0.6245,0.0501,0.0088,0.3158
0.8512,0.4673,0.3591,0.9428,0.5876,0.7154,0.2112,0.3387,0.5219
0.7689,0.1548,0.0896,0.8333,0.4921,0.0978,0.0456,0.0766,0.3172
0.9215,0.8665,0.8251,0.984,0.6372,0.8107,0.2053,0.3082,0.6351
0.7345,0.0077,0.0696,0.7563,0.4633,0.0811,0.0287,0.0196,0.1536
0.8847,0.5829,0.4668,0.9671,0.6989,0.7686,0.2694,0.4742,0.5488
0.9778,0.4424,0.3399,0.9778,0.7371448123200001,0.6799,0.1989,0.3114,0.4878
0.7235,0.3158,0.2648,0.7563,0.4778,0.6245,0.0501,0.0088,0.47
0.8191,0.2345,0.1647,0.8895,0.5504,0.0811,0.0456,0.0766,0.3172
0.9428,0.6351,0.5194,0.984,0.702,0.9099,0.2053,0.3082,0.6351
0.7689,0.0866,0.0661587103055,0.7563,0.4633,0.0978,0.0287,0.0196,0.1536
0.9215,0.5829,0.4668,0.984,0.6372,0.7686,0.2694,0.4742,0.5488
0.8191,0.3158,0.2648,0.8895,0.5504,0.6245,0.0501,0.0088,0.47
0.9778,0.8665,0.8251,0.9778,0.7371448123200001,0.6799,0.1989,0.3114,0.4878
0.7345,0.0077,0.0696,0.7563,0.4633,0.0811,0.0287,0.0196,0.1536
0.8847,0.5829,0.4668,0.8895,0.5504,0.7686,0.2694,0.4742,0.5488
0.8191,0.3158,0.2648,0.8895,0.5504,0.6245,0.0501,0.0088,0.47
0.9428,0.6351,0.5194,0.984,0.702,0.9099,0.2053,0.3082,0.6351
0.7689,0.0866,0.0661587103055,0.7563,0.4633,0.0978,0.0287,0.0196,0.1536
0.8512,0.4673,0.3591,0.9428,0.5876,0.7154,0.1989,0.3114,0.4878
0.9215,0.5829,0.4668,0.984,0.6372,0.7686,0.2694,0.4742,0.5488
0.8471,0.4593,0.3426,0.9215,0.5612,0.6874,0.2018,0.3082,0.4935
0.7762,0.2857,0.1592,0.7734,0.4992,0.0963,0.0879,0.1857,0.2385
0.9143,0.6113,0.4189,0.9778,0.5825,0.7213,0.2265,0.3429,0.5632
0.8638,0.3719,0.2703,0.8847,0.5134,0.6453,0.1933,0.2947,0.3897
0.7315,0.1866,0.1126,0.7563,0.4807,0.0899,0.0728,0.1588,0.1673
0.8972,0.4988,0.3555,0.9402,0.5362,0.7188,0.2113,0.3263,0.4593
0.9524,0.7813,0.5135,0.984,0.6057,0.8724,0.2457,0.3716,0.6219
0.8216,0.3381,0.2154,0.8191,0.5055,0.6799,0.1989,0.3114,0.4284
0.7057,0.1586,0.0983,0.7235,0.4708,0.0811,0.0684,0.1492,0.14595471052999998
0.9387,0.5973,0.4365,0.9671,0.5728,0.7686,0.2694,0.4742,0.5488
0.8831,0.4228,0.2964,0.8957,0.5092,0.6318,0.2054,0.3057,0.3518
0.9013,0.5168,0.3284,0.9306,0.5473,0.7008,0.2013,0.2898,0.4778
0.7659,0.2433,0.1383,0.7744,0.4937,0.0926,0.0755,0.1638,0.191
0.8415,0.3929,0.2573,0.8895,0.5165,0.6947,0.2187,0.3308,0.4035
0.9778,0.8665,0.8251,0.984,0.5873,0.9099,0.245,0.3671,0.6351
0.8191,0.3158,0.2648,0.7624,0.4778,0.6245,0.198,0.3066,0.3158
0.7433,0.2053,0.1218,0.7563,0.4807,0.0983,0.0713,0.1524,0.1673
0.9215,0.6087,0.3893,0.9402,0.5461,0.7291,0.2141,0.3383,0.5047
0.8764,0.4494,0.2888,0.8957,0.5092,0.6513,0.2044,0.3083,0.3796
0.7891,0.3592,0.2234,0.7744,0.4937,0.6821,0.2125,0.3298,0.4301
0.8473,0.4691,0.3521,0.9234,0.5789,0.6954,0.2039,0.3051,0.4923
0.7856,0.3872,0.2895,0.8512,0.5234,0.5678,0.1856,0.2987,0.4215
0.9123,0.6543,0.4112,0.9778,0.5912,0.7235,0.2214,0.3678,0.589
0.8647,0.5123,0.3856,0.8895,0.5432,0.6378,0.1998,0.3241,0.4567
0.7345,0.2987,0.1978,0.7624,0.4878,0.4424,0.1589,0.2587,0.3215
0.9567,0.8665,0.5234,0.984,0.6123,0.8251,0.2147,0.3512,0.6351
0.8012,0.4215,0.3098,0.8473,0.5098,0.589,0.2014,0.3197,0.4687
0.7098,0.3521,0.2547,0.7563,0.4778,0.4691,0.1723,0.2837,0.3589
0.9387,0.702,0.4668,0.9671,0.5829,0.7686,0.2354,0.3912,0.5488
0.8895,0.5829,0.3789,0.8912,0.5467,0.6799,0.2098,0.3321,0.4878
0.68734109737,0.2648,0.1697,0.7235,0.4567,0.3399,0.1489,0.2451,0.2987
0.9778,0.8665,0.5234,0.984,0.6123,0.8251,0.2147,0.3512,0.6351
0.7912,0.4718,0.3399,0.8512,0.5234,0.6954,0.2039,0.3051,0.4923
0.8234,0.5123,0.3678,0.8895,0.5467,0.7235,0.2147,0.3512,0.4878
0.6902,0.3872,0.2895,0.7624,0.4878,0.5678,0.1856,0.2987,0.4215
0.9012,0.6543,0.4312,0.9778,0.5912,0.789,0.2214,0.3678,0.589
0.7563,0.4718,0.3238,0.8473,0.5432,0.6378,0.1998,0.3241,0.4687
0.8473,0.5829,0.3789,0.8912,0.5467,0.6799,0.2098,0.3321,0.4878
0.7158,0.3589,0.2648,0.7235,0.4778,0.4424,0.1723,0.2837,0.3589
0.9234,0.702,0.4668,0.9778,0.5912,0.789,0.2214,0.3678,0.589
0.8574,0.4691,0.3522,0.9415,0.5821,0.7133,0.2112,0.3386,0.4923
0.7356,0.1582,0.0819,0.8123,0.4987,0.0956,0.0489,0.0873,0.2187
0.9778,0.8665,0.8251,0.984,0.6381,0.8107,0.2054,0.3092,0.6351
0.8191,0.4424,0.3399,0.9172,0.5504,0.6799,0.1989,0.3114,0.4878
0.7235,0.0007,0.0696,0.7563,0.4633,0.0811,0.0501,0.0088,0.1536
0.9415,0.5829,0.4668,0.9671,0.6989,0.7686,0.2694,0.4742,0.5488
0.8574,0.3158,0.2648,0.8895,0.5083,0.6245,0.174,0.3211,0.47
0.7356,0.1582,0.0819,0.8123,0.4987,0.0956,0.0489,0.0873,0.2187
0.9778,0.8665,0.8251,0.984,0.6381,0.8107,0.2054,0.3092,0.6351
0.8191,0.4424,0.3399,0.9172,0.5504,0.6799,0.1989,0.3114,0.4878
0.7235,0.0007,0.0696,0.7563,0.4633,0.0811,0.0501,0.0088,0.1536
0.9415,0.5829,0.4668,0.9671,0.6989,0.7686,0.2694,0.4742,0.5488
0.8574,0.3158,0.2648,0.8895,0.5083,0.6245,0.174,0.3211,0.47
0.7356,0.1582,0.0819,0.8123,0.4987,0.0956,0.0489,0.0873,0.2187
0.9778,0.8665,0.8251,0.984,0.6381,0.8107,0.2054,0.3092,0.6351
0.8191,0.4424,0.3399,0.9172,0.5504,0.6799,0.1989,0.3114,0.4878
0.7235,0.0007,0.0696,0.7563,0.4633,0.0811,0.0501,0.0088,0.1536
0.9415,0.5829,0.4668,0.9671,0.6989,0.7686,0.2694,0.4742,0.5488
0.8574,0.3158,0.2648,0.8895,0.5083,0.6245,0.174,0.3211,0.47
0.7356,0.1582,0.0819,0.8123,0.4987,0.0956,0.0489,0.0873,0.2187
0.8512,0.4723,0.3619,0.9321,0.5827,0.7156,0.2142,0.3381,0.5239
0.7389,0.1567,0.0882,0.7645,0.4921,0.0933,0.0498,0.0097,0.2156
0.9778,0.8665,0.8251,0.984,0.6329,0.9099,0.2078,0.3113,0.6351
0.8191,0.4424,0.3399,0.8191,0.5504,0.6799,0.1989,0.3114,0.4878
0.7235,0.0,0.0696,0.7563,0.4633,0.0811,0.0501,0.0088,0.1536
0.9427,0.5829,0.4668,0.9671,0.6989,0.7686,0.2694,0.4742,0.5488
0.891,0.3158,0.2648,0.9306,0.5083,0.6245,0.174,0.3211,0.47
0.8394,0.2648,0.2053,0.8895,0.5871,0.6902,0.1989,0.3114,0.4878
0.9778,0.7235,0.8251,0.984,0.6329,0.9099,0.2078,0.3113,0.6351
0.7624,0.1567,0.0882,0.7645,0.4921,0.0933,0.0498,0.0097,0.2156
0.8512,0.4723,0.3619,0.9321,0.5827,0.7156,0.2142,0.3381,0.5239
0.9172,0.4424,0.3399,0.8191,0.5504,0.6799,0.1989,0.3114,0.4878
0.7895,0.3158,0.2648,0.8895,0.5083,0.6245,0.174,0.3211,0.47
0.891,0.3158,0.2648,0.9306,0.5871,0.6902,0.1989,0.3114,0.4878
0.9778,0.8665,0.8251,0.984,0.6329,0.9099,0.2078,0.3113,0.6351
0.7389,0.1567,0.0882,0.7645,0.4921,0.0933,0.0498,0.0097,0.2156
0.8191,0.4424,0.3399,0.8191,0.5504,0.6799,0.1989,0.3114,0.4878
0.9427,0.5829,0.4668,0.9671,0.6989,0.7686,0.2694,0.4742,0.5488
0.8394,0.2648,0.2053,0.8895,0.5871,0.6902,0.1989,0.3114,0.4878
0.7624,0.1567,0.0882,0.8895,0.5871,0.6245,0.174,0.3211,0.47
0.8473,0.4695,0.3512,0.9215,0.5678,0.6954,0.2032,0.3054,0.4912
0.7891,0.1876,0.1538,0.8345,0.4923,0.1289,0.0789,0.1678,0.2856
0.9342,0.8665,0.8251,0.9778,0.702,0.9099,0.2345,0.4714,0.6351
0.8154,0.3987,0.2899,0.891,0.5336,0.4215,0.1719,0.2587,0.4878
0.7365,0.0789,0.0696,0.7563,0.4633,0.0811,0.0501,0.0088,0.1536
0.9778,0.5829,0.4668,0.9671,0.6989,0.7686,0.2694,0.4742,0.5488
0.8895,0.4718,0.3238,0.9306,0.5083,0.6902,0.174,0.3211,0.5194
0.68734109737,0.1123,0.0825,0.7891,0.4923,0.1647,0.0723,0.1357,0.2222
0.9172,0.8421,0.8191,0.9778,0.7371448123200001,0.8191,0.2345,0.4714,0.6351
0.7624,0.3158,0.2648,0.7624,0.4778,0.5504,0.1989,0.3114,0.4878
0.8473,0.4695,0.3512,0.9215,0.5678,0.6954,0.2032,0.3054,0.4912
0.984,0.6351,0.8251,0.984,0.702,0.9099,0.2345,0.4714,0.6351
0.8191,0.4424,0.3399,0.8191,0.5504,0.6799,0.1989,0.3114,0.4878
0.7235,0.0,0.0696,0.7235,0.4633,0.0811,0.0501,0.0088,0.1536
0.9778,0.5829,0.4668,0.9671,0.6989,0.7686,0.2694,0.4742,0.5488
0.891,0.4718,0.3238,0.9306,0.5083,0.6902,0.174,0.3211,0.5194
0.8473,0.4695,0.3512,0.9215,0.5678,0.6954,0.2032,0.3054,0.4912
0.7891,0.1876,0.1538,0.8345,0.4923,0.1289,0.0789,0.1678,0.2856
0.9342,0.8665,0.8251,0.9778,0.702,0.9099,0.2345,0.4714,0.6351
0.8154,0.3987,0.2899,0.891,0.5336,0.4215,0.1719,0.2587,0.4878
0.8415,0.4637,0.3592,0.9321,0.5789,0.6933,0.2047,0.3081,0.4912
0.7589,0.1856,0.1215,0.8347,0.4921,0.0952,0.0886,0.0824,0.3789
0.9112,0.5829,0.4687,0.9778,0.5385,0.7686,0.2112,0.3114,0.5488
0.8915,0.4237,0.3199,0.8671,0.5123,0.6245,0.1923,0.2714,0.4878
0.7235,0.0076,0.0696,0.7563,0.4633,0.0811,0.0253,0.0088,0.1536
0.9778,0.8665,0.8251,0.984,0.5634,0.9099,0.2275,0.3211,0.6351
0.849,0.3829,0.2837,0.8915,0.5061,0.5829,0.1846,0.2973,0.47
0.7815,0.2589,0.1647,0.7744,0.5083,0.4718,0.1692,0.2694,0.3238
0.9195,0.5589,0.4121,0.9306,0.5504,0.6902,0.2087,0.3081,0.4912
0.8095,0.3399,0.2397,0.8191,0.5564,0.5589,0.1989,0.2714,0.4878
0.6895,0.0829,0.0661587103055,0.7235,0.4778,0.0952,0.0253,0.0088,0.1536
0.9412,0.702,0.7399,0.9778,0.5385,0.6799,0.2047,0.3114,0.5488
0.7915,0.2897,0.1997,0.8347,0.5061,0.5829,0.1846,0.2973,0.47
0.8237,0.4589,0.3399,0.8671,0.5123,0.6245,0.1923,0.2714,0.4878
0.9012,0.5237,0.4417,0.9306,0.5504,0.5829,0.1846,0.2973,0.4912
0.7624,0.2197,0.1289,0.7563,0.5083,0.4718,0.1692,0.2694,0.3238
0.8895,0.4378,0.2997,0.8915,0.5061,0.5829,0.1846,0.2973,0.47
0.9321,0.6589,0.5829,0.9778,0.5634,0.6902,0.2087,0.3081,0.5488
0.7412,0.1647,0.0921,0.7235,0.4778,0.0952,0.0253,0.0088,0.1536
0.8512,0.4095,0.3211,0.8191,0.5564,0.5829,0.1846,0.2973,0.47
0.8547,0.4693,0.3512,0.9381,0.5812,0.7156,0.2114,0.3322,0.5239
0.7892,0.1856,0.1234,0.8123,0.4987,0.0954,0.0789,0.0876,0.2345
0.9123,0.8665,0.8251,0.984,0.6789,0.8111,0.2345,0.4567,0.6351
0.7235,0.0001,0.0696,0.7563,0.4633,0.0811,0.0256,0.0034,0.1536
0.8976,0.5829,0.4668,0.9671,0.6989,0.7686,0.2694,0.4742,0.5488
0.9778,0.5829,0.3399,0.984,0.5504,0.6799,0.1989,0.3114,0.4878
0.7563,0.2114,0.1989,0.8895,0.5083,0.6245,0.174,0.3211,0.47
0.8191,0.4424,0.3399,0.9172,0.5504,0.6799,0.2114,0.3322,0.5239
0.9087,0.6351,0.4878,0.9306,0.6012,0.7156,0.2345,0.4567,0.6351
0.8921,0.3158,0.2648,0.8123,0.4987,0.0954,0.0789,0.0876,0.2345
0.7624,0.0811,0.0696,0.7563,0.4633,0.0811,0.0256,0.0034,0.1536
0.9778,0.8665,0.8251,0.984,0.6789,0.8111,0.2345,0.4567,0.6351
0.9123,0.5829,0.4668,0.9671,0.6989,0.7686,0.2694,0.4742,0.5488
0.7892,0.1856,0.1234,0.8123,0.4987,0.0954,0.0789,0.0876,0.2345
0.8547,0.4693,0.3512,0.9381,0.5812,0.7156,0.2114,0.3322,0.5239
0.8921,0.3158,0.2648,0.8123,0.4987,0.0954,0.0789,0.0876,0.2345
0.7235,0.0001,0.0696,0.7563,0.4633,0.0811,0.0256,0.0034,0.1536
0.9778,0.8665,0.8251,0.984,0.6789,0.8111,0.2345,0.4567,0.6351
0.9123,0.5829,0.4668,0.9671,0.6989,0.7686,0.2694,0.4742,0.5488
0.8547,0.4693,0.3512,0.9381,0.5812,0.7156,0.2114,0.3322,0.5239
